--
-- PostgreSQL database dump
--

\restrict ARDb2WhaOal9JVVn9fu6Wo0arz133jOyKvpujf8i3wmilI8Z4iWgDze7DVkEGCc

-- Dumped from database version 18.1
-- Dumped by pg_dump version 18.1

-- Started on 2026-02-25 02:38:51

SET statement_timeout = 0;
SET lock_timeout = 0;
SET idle_in_transaction_session_timeout = 0;
SET transaction_timeout = 0;
SET client_encoding = 'UTF8';
SET standard_conforming_strings = on;
SELECT pg_catalog.set_config('search_path', '', false);
SET check_function_bodies = false;
SET xmloption = content;
SET client_min_messages = warning;
SET row_security = off;

SET default_tablespace = '';

SET default_table_access_method = heap;

--
-- TOC entry 230 (class 1259 OID 16500)
-- Name: booking_items; Type: TABLE; Schema: public; Owner: postgres
--

CREATE TABLE public.booking_items (
    booking_id bigint NOT NULL,
    seat_id bigint NOT NULL,
    price numeric(10,2) NOT NULL,
    event_id bigint NOT NULL
);


ALTER TABLE public.booking_items OWNER TO postgres;

--
-- TOC entry 229 (class 1259 OID 16477)
-- Name: bookings; Type: TABLE; Schema: public; Owner: postgres
--

CREATE TABLE public.bookings (
    booking_id bigint NOT NULL,
    user_id bigint NOT NULL,
    event_id bigint NOT NULL,
    created_at timestamp without time zone DEFAULT now() NOT NULL,
    status character varying(20) DEFAULT 'PENDING'::character varying NOT NULL,
    paid_at timestamp without time zone
);


ALTER TABLE public.bookings OWNER TO postgres;

--
-- TOC entry 228 (class 1259 OID 16476)
-- Name: bookings_booking_id_seq; Type: SEQUENCE; Schema: public; Owner: postgres
--

CREATE SEQUENCE public.bookings_booking_id_seq
    START WITH 1
    INCREMENT BY 1
    NO MINVALUE
    NO MAXVALUE
    CACHE 1;


ALTER SEQUENCE public.bookings_booking_id_seq OWNER TO postgres;

--
-- TOC entry 5020 (class 0 OID 0)
-- Dependencies: 228
-- Name: bookings_booking_id_seq; Type: SEQUENCE OWNED BY; Schema: public; Owner: postgres
--

ALTER SEQUENCE public.bookings_booking_id_seq OWNED BY public.bookings.booking_id;


--
-- TOC entry 227 (class 1259 OID 16456)
-- Name: event_seats; Type: TABLE; Schema: public; Owner: postgres
--

CREATE TABLE public.event_seats (
    event_id bigint NOT NULL,
    seat_id bigint NOT NULL,
    price numeric(10,2) NOT NULL,
    state character varying(20) DEFAULT 'AVAILABLE'::character varying NOT NULL,
    held_by_user_id bigint,
    hold_expires_at timestamp without time zone
);


ALTER TABLE public.event_seats OWNER TO postgres;

--
-- TOC entry 224 (class 1259 OID 16418)
-- Name: events; Type: TABLE; Schema: public; Owner: postgres
--

CREATE TABLE public.events (
    event_id bigint NOT NULL,
    venue_id bigint NOT NULL,
    title character varying(200) NOT NULL,
    description text,
    category character varying(80),
    start_time timestamp without time zone NOT NULL,
    status character varying(20) DEFAULT 'ACTIVE'::character varying NOT NULL
);


ALTER TABLE public.events OWNER TO postgres;

--
-- TOC entry 223 (class 1259 OID 16417)
-- Name: events_event_id_seq; Type: SEQUENCE; Schema: public; Owner: postgres
--

CREATE SEQUENCE public.events_event_id_seq
    START WITH 1
    INCREMENT BY 1
    NO MINVALUE
    NO MAXVALUE
    CACHE 1;


ALTER SEQUENCE public.events_event_id_seq OWNER TO postgres;

--
-- TOC entry 5021 (class 0 OID 0)
-- Dependencies: 223
-- Name: events_event_id_seq; Type: SEQUENCE OWNED BY; Schema: public; Owner: postgres
--

ALTER SEQUENCE public.events_event_id_seq OWNED BY public.events.event_id;


--
-- TOC entry 234 (class 1259 OID 16553)
-- Name: payments; Type: TABLE; Schema: public; Owner: postgres
--

CREATE TABLE public.payments (
    payment_id bigint NOT NULL,
    booking_id bigint NOT NULL,
    provider character varying(30) NOT NULL,
    provider_order_id character varying(120),
    provider_capture_id character varying(120),
    amount numeric(10,2) NOT NULL,
    status character varying(20) NOT NULL,
    created_at timestamp without time zone DEFAULT now() NOT NULL
);


ALTER TABLE public.payments OWNER TO postgres;

--
-- TOC entry 233 (class 1259 OID 16552)
-- Name: payments_payment_id_seq; Type: SEQUENCE; Schema: public; Owner: postgres
--

CREATE SEQUENCE public.payments_payment_id_seq
    START WITH 1
    INCREMENT BY 1
    NO MINVALUE
    NO MAXVALUE
    CACHE 1;


ALTER SEQUENCE public.payments_payment_id_seq OWNER TO postgres;

--
-- TOC entry 5022 (class 0 OID 0)
-- Dependencies: 233
-- Name: payments_payment_id_seq; Type: SEQUENCE OWNED BY; Schema: public; Owner: postgres
--

ALTER SEQUENCE public.payments_payment_id_seq OWNED BY public.payments.payment_id;


--
-- TOC entry 226 (class 1259 OID 16438)
-- Name: seats; Type: TABLE; Schema: public; Owner: postgres
--

CREATE TABLE public.seats (
    seat_id bigint NOT NULL,
    venue_id bigint NOT NULL,
    section character varying(40) NOT NULL,
    row_label character varying(10) NOT NULL,
    seat_no integer NOT NULL
);


ALTER TABLE public.seats OWNER TO postgres;

--
-- TOC entry 225 (class 1259 OID 16437)
-- Name: seats_seat_id_seq; Type: SEQUENCE; Schema: public; Owner: postgres
--

CREATE SEQUENCE public.seats_seat_id_seq
    START WITH 1
    INCREMENT BY 1
    NO MINVALUE
    NO MAXVALUE
    CACHE 1;


ALTER SEQUENCE public.seats_seat_id_seq OWNER TO postgres;

--
-- TOC entry 5023 (class 0 OID 0)
-- Dependencies: 225
-- Name: seats_seat_id_seq; Type: SEQUENCE OWNED BY; Schema: public; Owner: postgres
--

ALTER SEQUENCE public.seats_seat_id_seq OWNED BY public.seats.seat_id;


--
-- TOC entry 232 (class 1259 OID 16530)
-- Name: security_logs; Type: TABLE; Schema: public; Owner: postgres
--

CREATE TABLE public.security_logs (
    log_id bigint NOT NULL,
    created_at timestamp without time zone DEFAULT now() NOT NULL,
    level character varying(10) DEFAULT 'INFO'::character varying NOT NULL,
    action character varying(40) NOT NULL,
    user_id bigint,
    email character varying(180),
    details text
);


ALTER TABLE public.security_logs OWNER TO postgres;

--
-- TOC entry 231 (class 1259 OID 16529)
-- Name: security_logs_log_id_seq; Type: SEQUENCE; Schema: public; Owner: postgres
--

CREATE SEQUENCE public.security_logs_log_id_seq
    START WITH 1
    INCREMENT BY 1
    NO MINVALUE
    NO MAXVALUE
    CACHE 1;


ALTER SEQUENCE public.security_logs_log_id_seq OWNER TO postgres;

--
-- TOC entry 5024 (class 0 OID 0)
-- Dependencies: 231
-- Name: security_logs_log_id_seq; Type: SEQUENCE OWNED BY; Schema: public; Owner: postgres
--

ALTER SEQUENCE public.security_logs_log_id_seq OWNED BY public.security_logs.log_id;


--
-- TOC entry 220 (class 1259 OID 16389)
-- Name: users; Type: TABLE; Schema: public; Owner: postgres
--

CREATE TABLE public.users (
    user_id bigint NOT NULL,
    full_name character varying(120) NOT NULL,
    email character varying(180) NOT NULL,
    password_hash character varying(120) NOT NULL,
    role character varying(20) DEFAULT 'CUSTOMER'::character varying NOT NULL,
    created_at timestamp without time zone DEFAULT now() NOT NULL
);


ALTER TABLE public.users OWNER TO postgres;

--
-- TOC entry 219 (class 1259 OID 16388)
-- Name: users_user_id_seq; Type: SEQUENCE; Schema: public; Owner: postgres
--

CREATE SEQUENCE public.users_user_id_seq
    START WITH 1
    INCREMENT BY 1
    NO MINVALUE
    NO MAXVALUE
    CACHE 1;


ALTER SEQUENCE public.users_user_id_seq OWNER TO postgres;

--
-- TOC entry 5025 (class 0 OID 0)
-- Dependencies: 219
-- Name: users_user_id_seq; Type: SEQUENCE OWNED BY; Schema: public; Owner: postgres
--

ALTER SEQUENCE public.users_user_id_seq OWNED BY public.users.user_id;


--
-- TOC entry 222 (class 1259 OID 16406)
-- Name: venues; Type: TABLE; Schema: public; Owner: postgres
--

CREATE TABLE public.venues (
    venue_id bigint NOT NULL,
    name character varying(180) NOT NULL,
    city character varying(120) NOT NULL,
    address character varying(220)
);


ALTER TABLE public.venues OWNER TO postgres;

--
-- TOC entry 221 (class 1259 OID 16405)
-- Name: venues_venue_id_seq; Type: SEQUENCE; Schema: public; Owner: postgres
--

CREATE SEQUENCE public.venues_venue_id_seq
    START WITH 1
    INCREMENT BY 1
    NO MINVALUE
    NO MAXVALUE
    CACHE 1;


ALTER SEQUENCE public.venues_venue_id_seq OWNER TO postgres;

--
-- TOC entry 5026 (class 0 OID 0)
-- Dependencies: 221
-- Name: venues_venue_id_seq; Type: SEQUENCE OWNED BY; Schema: public; Owner: postgres
--

ALTER SEQUENCE public.venues_venue_id_seq OWNED BY public.venues.venue_id;


--
-- TOC entry 4801 (class 2604 OID 16480)
-- Name: bookings booking_id; Type: DEFAULT; Schema: public; Owner: postgres
--

ALTER TABLE ONLY public.bookings ALTER COLUMN booking_id SET DEFAULT nextval('public.bookings_booking_id_seq'::regclass);


--
-- TOC entry 4797 (class 2604 OID 16421)
-- Name: events event_id; Type: DEFAULT; Schema: public; Owner: postgres
--

ALTER TABLE ONLY public.events ALTER COLUMN event_id SET DEFAULT nextval('public.events_event_id_seq'::regclass);


--
-- TOC entry 4807 (class 2604 OID 16556)
-- Name: payments payment_id; Type: DEFAULT; Schema: public; Owner: postgres
--

ALTER TABLE ONLY public.payments ALTER COLUMN payment_id SET DEFAULT nextval('public.payments_payment_id_seq'::regclass);


--
-- TOC entry 4799 (class 2604 OID 16441)
-- Name: seats seat_id; Type: DEFAULT; Schema: public; Owner: postgres
--

ALTER TABLE ONLY public.seats ALTER COLUMN seat_id SET DEFAULT nextval('public.seats_seat_id_seq'::regclass);


--
-- TOC entry 4804 (class 2604 OID 16533)
-- Name: security_logs log_id; Type: DEFAULT; Schema: public; Owner: postgres
--

ALTER TABLE ONLY public.security_logs ALTER COLUMN log_id SET DEFAULT nextval('public.security_logs_log_id_seq'::regclass);


--
-- TOC entry 4793 (class 2604 OID 16392)
-- Name: users user_id; Type: DEFAULT; Schema: public; Owner: postgres
--

ALTER TABLE ONLY public.users ALTER COLUMN user_id SET DEFAULT nextval('public.users_user_id_seq'::regclass);


--
-- TOC entry 4796 (class 2604 OID 16409)
-- Name: venues venue_id; Type: DEFAULT; Schema: public; Owner: postgres
--

ALTER TABLE ONLY public.venues ALTER COLUMN venue_id SET DEFAULT nextval('public.venues_venue_id_seq'::regclass);


--
-- TOC entry 5010 (class 0 OID 16500)
-- Dependencies: 230
-- Data for Name: booking_items; Type: TABLE DATA; Schema: public; Owner: postgres
--

COPY public.booking_items (booking_id, seat_id, price, event_id) FROM stdin;
5	7	25.00	1
6	11	25.00	1
7	28	25.00	2
8	29	25.00	2
9	30	25.00	2
10	40	25.00	1
11	22	25.00	2
12	1	25.00	2
13	2	25.00	2
14	1	25.00	1
15	8	12.50	3
16	15	15.00	4
17	11	20.00	5
18	12	25.00	2
19	10	25.00	1
20	3	25.00	2
21	6	25.00	2
22	6	12.50	3
23	10	12.50	3
24	2	12.50	3
25	2	25.00	1
26	5	25.00	14
27	8	25.00	1
28	11	25.00	7
29	10	25.00	7
30	9	25.00	7
31	8	25.00	7
32	7	25.00	7
33	6	25.00	7
34	5	25.00	7
35	4	25.00	7
36	8	25.00	13
37	9	25.00	13
38	12	25.00	15
39	11	25.00	11
40	12	25.00	11
41	13	25.00	21
42	5	25.00	13
43	12	25.00	7
44	33	25.00	6
45	6	25.00	1
46	13	25.00	11
47	4	25.00	23
48	3	25.00	25
49	6	25.00	11
50	7	25.00	11
51	3	25.00	23
52	5	25.00	11
53	1	25.00	6
54	1	25.00	22
55	1	25.00	21
56	1	25.00	22
57	2	25.00	22
58	2	25.00	22
59	2	25.00	22
60	2	25.00	22
61	1	25.00	13
62	2	25.00	22
63	2	25.00	22
64	1	25.00	13
65	2	25.00	22
66	1	25.00	11
67	2	25.00	22
68	1	25.00	11
69	2	25.00	22
70	2	25.00	23
71	2	25.00	11
72	1	25.00	13
73	1	25.00	11
74	2	25.00	22
75	2	25.00	23
76	1	25.00	9
77	3	25.00	22
78	1	25.00	7
79	1	25.00	7
80	1	25.00	7
81	4	25.00	22
82	4	25.00	22
83	3	25.00	6
84	3	25.00	7
85	2	25.00	7
86	3	25.00	11
87	3	25.00	11
88	1	25.00	11
89	2	25.00	23
90	4	25.00	13
91	3	25.00	11
92	2	25.00	23
93	4	25.00	14
94	3	25.00	14
95	21	25.00	27
96	22	25.00	27
97	3	25.00	1
98	3	25.00	1
99	3	25.00	1
100	3	25.00	1
101	4	25.00	1
102	4	25.00	1
\.


--
-- TOC entry 5009 (class 0 OID 16477)
-- Dependencies: 229
-- Data for Name: bookings; Type: TABLE DATA; Schema: public; Owner: postgres
--

COPY public.bookings (booking_id, user_id, event_id, created_at, status, paid_at) FROM stdin;
2	1	1	2026-02-08 15:57:50.646819	PENDING	\N
11	5	2	2026-02-09 13:52:00.650979	CANCELLED	\N
10	5	1	2026-02-09 13:06:27.193671	PAID	2026-02-09 23:35:13.67042
9	3	2	2026-02-09 12:58:15.410713	PAID	2026-02-09 23:39:45.187934
8	3	2	2026-02-09 12:58:04.562775	PAID	2026-02-09 23:39:49.802379
7	3	2	2026-02-09 12:57:17.188325	PAID	2026-02-09 23:39:53.892936
15	3	3	2026-02-10 11:48:23.108575	CANCELLED	\N
17	5	5	2026-02-10 12:38:25.4862	PAID	2026-02-10 12:51:45.231106
16	8	4	2026-02-10 11:54:05.741538	CANCELLED	\N
18	8	2	2026-02-10 13:35:01.556454	PAID	2026-02-10 13:36:40.337416
19	5	1	2026-02-10 19:28:29.900239	PAID	2026-02-10 19:28:53.311313
26	8	14	2026-02-11 23:57:10.172234	PAID	2026-02-11 23:57:36.234949
27	9	1	2026-02-12 00:02:30.960682	PAID	2026-02-12 00:02:47.993287
38	9	15	2026-02-12 05:22:47.730833	PAID	2026-02-12 05:23:24.078211
44	5	6	2026-02-13 15:35:12.300996	PAID	2026-02-13 15:35:23.533667
43	5	7	2026-02-13 15:34:15.134953	CANCELLED	\N
45	5	1	2026-02-13 16:25:21.830652	PAID	2026-02-13 17:54:05.25039
47	9	23	2026-02-22 20:04:05.264074	PAID	2026-02-22 20:04:13.062162
48	8	25	2026-02-22 20:28:38.183266	PAID	2026-02-22 20:29:06.025243
41	8	21	2026-02-13 11:41:39.783608	PAID	2026-02-22 20:47:47.737725
42	8	13	2026-02-13 12:28:54.571991	PAID	2026-02-22 21:38:25.028704
23	5	3	2026-02-10 20:30:32.664173	PAID	2026-02-22 21:55:54.958862
49	8	11	2026-02-22 22:01:40.0893	PAID	2026-02-22 22:04:51.965139
50	8	11	2026-02-22 22:04:06.093443	PAID	2026-02-22 22:23:28.085252
52	8	11	2026-02-23 16:55:04.982013	PAID	2026-02-23 16:55:41.69253
51	8	23	2026-02-22 22:37:53.817052	CANCELLED	\N
54	8	22	2026-02-23 22:44:16.483283	EXPIRED	\N
55	8	21	2026-02-23 22:51:36.085415	PAID	2026-02-23 22:51:59.031643
56	8	22	2026-02-23 23:12:48.834443	PAID	2026-02-23 23:13:28.292446
53	8	6	2026-02-23 16:56:14.401989	CANCELLED	\N
5	3	1	2026-02-09 12:50:32.022219	EXPIRED	\N
6	3	1	2026-02-09 12:53:38.384497	EXPIRED	\N
12	6	2	2026-02-09 23:54:48.120322	EXPIRED	\N
13	6	2	2026-02-09 23:55:02.169629	EXPIRED	\N
14	6	1	2026-02-09 23:55:23.165154	EXPIRED	\N
20	6	2	2026-02-10 19:31:39.933225	EXPIRED	\N
21	6	2	2026-02-10 19:41:16.422445	EXPIRED	\N
22	6	3	2026-02-10 20:03:15.587838	EXPIRED	\N
24	6	3	2026-02-10 20:31:09.263367	EXPIRED	\N
25	5	1	2026-02-10 21:50:39.450842	EXPIRED	\N
28	9	7	2026-02-12 02:38:31.59105	EXPIRED	\N
29	9	7	2026-02-12 02:38:33.469597	EXPIRED	\N
30	9	7	2026-02-12 02:38:37.252103	EXPIRED	\N
31	9	7	2026-02-12 02:38:39.37699	EXPIRED	\N
32	9	7	2026-02-12 02:38:41.984458	EXPIRED	\N
33	9	7	2026-02-12 02:38:44.457277	EXPIRED	\N
34	9	7	2026-02-12 02:38:46.750763	EXPIRED	\N
35	9	7	2026-02-12 02:38:49.48733	EXPIRED	\N
36	9	13	2026-02-12 05:22:04.839387	EXPIRED	\N
37	9	13	2026-02-12 05:22:07.130018	EXPIRED	\N
39	9	11	2026-02-12 12:19:21.429576	EXPIRED	\N
40	9	11	2026-02-12 12:20:02.562804	EXPIRED	\N
46	5	11	2026-02-13 17:53:12.417728	EXPIRED	\N
57	8	22	2026-02-23 23:29:44.300788	EXPIRED	\N
58	8	22	2026-02-23 23:32:05.48119	EXPIRED	\N
59	8	22	2026-02-23 23:50:39.501011	EXPIRED	\N
60	8	22	2026-02-23 23:54:11.690734	EXPIRED	\N
61	8	13	2026-02-23 23:54:26.754196	EXPIRED	\N
62	8	22	2026-02-24 00:23:05.852424	EXPIRED	\N
63	8	22	2026-02-24 00:32:52.823162	EXPIRED	\N
64	8	13	2026-02-24 00:33:07.196977	EXPIRED	\N
65	8	22	2026-02-24 00:44:49.975212	EXPIRED	\N
66	8	11	2026-02-24 00:45:16.659665	EXPIRED	\N
67	8	22	2026-02-24 00:50:30.684473	EXPIRED	\N
68	8	11	2026-02-24 00:57:08.493493	EXPIRED	\N
69	8	22	2026-02-24 01:02:11.147542	EXPIRED	\N
70	8	23	2026-02-24 01:08:54.168484	EXPIRED	\N
71	8	11	2026-02-24 01:14:13.835804	EXPIRED	\N
72	8	13	2026-02-24 01:21:24.026367	EXPIRED	\N
73	8	11	2026-02-24 01:31:22.763307	PENDING	\N
74	8	22	2026-02-24 01:56:52.519319	PAID	2026-02-24 01:57:23.672967
75	5	23	2026-02-24 01:59:40.140633	CANCELLED	\N
76	5	9	2026-02-24 02:00:22.955771	PAID	2026-02-24 02:01:52.622999
77	8	22	2026-02-24 02:13:21.510194	PAID	2026-02-24 02:14:24.747854
78	6	7	2026-02-24 02:54:18.939799	PENDING	\N
79	6	7	2026-02-24 02:58:03.55855	PENDING	\N
80	6	7	2026-02-24 03:01:35.564494	PENDING	\N
81	8	22	2026-02-24 03:21:46.775495	PENDING	\N
82	8	22	2026-02-24 03:25:42.418904	PENDING	\N
83	6	6	2026-02-24 03:36:11.445963	PENDING	\N
84	6	7	2026-02-24 03:38:00.51511	PENDING	\N
85	6	7	2026-02-24 03:38:50.076508	PENDING	\N
86	9	11	2026-02-24 03:50:17.871059	PENDING	\N
87	8	11	2026-02-24 04:51:15.711227	CANCELLED	\N
88	8	11	2026-02-24 05:00:40.246128	PENDING	\N
89	9	23	2026-02-24 05:09:47.240247	PENDING	\N
90	9	13	2026-02-24 05:24:24.223875	CANCELLED	\N
91	9	11	2026-02-24 05:26:55.498884	PENDING	\N
92	8	23	2026-02-24 05:48:30.094652	CANCELLED	\N
93	8	14	2026-02-24 16:34:35.448302	PAID	2026-02-24 16:37:37.259194
94	8	14	2026-02-24 16:40:15.188482	PAID	2026-02-24 16:40:53.444001
95	8	27	2026-02-24 16:55:37.141149	PAID	2026-02-24 16:57:40.748298
96	8	27	2026-02-24 16:58:23.014345	PAID	2026-02-24 16:59:13.557384
97	12	1	2026-02-24 17:52:18.081025	CANCELLED	\N
98	12	1	2026-02-24 17:55:24.795655	PENDING	\N
99	12	1	2026-02-24 18:11:34.678975	PENDING	\N
100	12	1	2026-02-24 18:22:06.331295	PENDING	\N
101	12	1	2026-02-24 18:30:26.642943	CANCELLED	\N
102	12	1	2026-02-24 19:53:52.5185	CANCELLED	\N
\.


--
-- TOC entry 5007 (class 0 OID 16456)
-- Dependencies: 227
-- Data for Name: event_seats; Type: TABLE DATA; Schema: public; Owner: postgres
--

COPY public.event_seats (event_id, seat_id, price, state, held_by_user_id, hold_expires_at) FROM stdin;
2	12	25.00	BOOKED	\N	\N
1	10	25.00	BOOKED	\N	\N
2	3	25.00	BOOKED	\N	\N
8	1	25.00	BLOCKED	\N	\N
2	4	25.00	AVAILABLE	\N	\N
2	5	25.00	AVAILABLE	\N	\N
1	5	25.00	AVAILABLE	\N	\N
13	2	25.00	AVAILABLE	\N	\N
2	7	25.00	AVAILABLE	\N	\N
2	6	25.00	BOOKED	\N	\N
2	8	25.00	AVAILABLE	\N	\N
2	9	25.00	AVAILABLE	\N	\N
1	9	25.00	AVAILABLE	\N	\N
2	10	25.00	AVAILABLE	\N	\N
13	3	25.00	AVAILABLE	\N	\N
2	11	25.00	AVAILABLE	\N	\N
3	6	12.50	BOOKED	\N	\N
1	12	25.00	AVAILABLE	\N	\N
2	13	25.00	AVAILABLE	\N	\N
1	13	25.00	AVAILABLE	\N	\N
2	14	25.00	AVAILABLE	\N	\N
1	14	25.00	AVAILABLE	\N	\N
2	15	25.00	AVAILABLE	\N	\N
1	15	25.00	AVAILABLE	\N	\N
2	16	25.00	AVAILABLE	\N	\N
1	16	25.00	AVAILABLE	\N	\N
2	17	25.00	AVAILABLE	\N	\N
1	17	25.00	AVAILABLE	\N	\N
2	18	25.00	AVAILABLE	\N	\N
1	18	25.00	AVAILABLE	\N	\N
2	19	25.00	AVAILABLE	\N	\N
1	19	25.00	AVAILABLE	\N	\N
2	20	25.00	AVAILABLE	\N	\N
1	20	25.00	AVAILABLE	\N	\N
2	21	25.00	AVAILABLE	\N	\N
1	21	25.00	AVAILABLE	\N	\N
3	10	12.50	BOOKED	\N	\N
1	22	25.00	AVAILABLE	\N	\N
2	23	25.00	AVAILABLE	\N	\N
1	23	25.00	AVAILABLE	\N	\N
2	24	25.00	AVAILABLE	\N	\N
1	24	25.00	AVAILABLE	\N	\N
2	25	25.00	AVAILABLE	\N	\N
1	25	25.00	AVAILABLE	\N	\N
2	26	25.00	AVAILABLE	\N	\N
1	26	25.00	AVAILABLE	\N	\N
2	27	25.00	AVAILABLE	\N	\N
1	27	25.00	AVAILABLE	\N	\N
3	2	12.50	BOOKED	\N	\N
1	28	25.00	AVAILABLE	\N	\N
1	2	25.00	BOOKED	\N	\N
1	29	25.00	AVAILABLE	\N	\N
1	30	25.00	AVAILABLE	\N	\N
2	31	25.00	AVAILABLE	\N	\N
1	31	25.00	AVAILABLE	\N	\N
2	32	25.00	AVAILABLE	\N	\N
1	32	25.00	AVAILABLE	\N	\N
2	33	25.00	AVAILABLE	\N	\N
1	33	25.00	AVAILABLE	\N	\N
2	34	25.00	AVAILABLE	\N	\N
1	34	25.00	AVAILABLE	\N	\N
2	35	25.00	AVAILABLE	\N	\N
1	35	25.00	AVAILABLE	\N	\N
2	36	25.00	AVAILABLE	\N	\N
1	36	25.00	AVAILABLE	\N	\N
2	37	25.00	AVAILABLE	\N	\N
1	37	25.00	AVAILABLE	\N	\N
2	38	25.00	AVAILABLE	\N	\N
1	38	25.00	AVAILABLE	\N	\N
2	39	25.00	AVAILABLE	\N	\N
1	39	25.00	AVAILABLE	\N	\N
2	40	25.00	AVAILABLE	\N	\N
13	5	25.00	BOOKED	\N	\N
1	7	25.00	BOOKED	\N	\N
1	11	25.00	BOOKED	\N	\N
2	28	25.00	BOOKED	\N	\N
2	29	25.00	BOOKED	\N	\N
2	30	25.00	BOOKED	\N	\N
1	40	25.00	BOOKED	\N	\N
1	6	25.00	BOOKED	\N	\N
2	22	25.00	AVAILABLE	\N	\N
2	1	25.00	BOOKED	\N	\N
2	2	25.00	BOOKED	\N	\N
1	1	25.00	BOOKED	\N	\N
3	1	12.50	AVAILABLE	\N	\N
3	3	12.50	AVAILABLE	\N	\N
3	4	12.50	AVAILABLE	\N	\N
3	5	12.50	AVAILABLE	\N	\N
3	7	12.50	AVAILABLE	\N	\N
3	9	12.50	AVAILABLE	\N	\N
3	11	12.50	AVAILABLE	\N	\N
3	12	12.50	AVAILABLE	\N	\N
3	13	12.50	AVAILABLE	\N	\N
3	14	12.50	AVAILABLE	\N	\N
3	15	12.50	AVAILABLE	\N	\N
3	16	12.50	AVAILABLE	\N	\N
3	17	12.50	AVAILABLE	\N	\N
3	18	12.50	AVAILABLE	\N	\N
3	19	12.50	AVAILABLE	\N	\N
3	20	12.50	AVAILABLE	\N	\N
3	21	12.50	AVAILABLE	\N	\N
3	22	12.50	AVAILABLE	\N	\N
3	23	12.50	AVAILABLE	\N	\N
3	24	12.50	AVAILABLE	\N	\N
3	25	12.50	AVAILABLE	\N	\N
3	26	12.50	AVAILABLE	\N	\N
3	27	12.50	AVAILABLE	\N	\N
3	28	12.50	AVAILABLE	\N	\N
3	29	12.50	AVAILABLE	\N	\N
3	30	12.50	AVAILABLE	\N	\N
3	31	12.50	AVAILABLE	\N	\N
3	32	12.50	AVAILABLE	\N	\N
3	33	12.50	AVAILABLE	\N	\N
3	34	12.50	AVAILABLE	\N	\N
3	35	12.50	AVAILABLE	\N	\N
3	36	12.50	AVAILABLE	\N	\N
3	37	12.50	AVAILABLE	\N	\N
3	38	12.50	AVAILABLE	\N	\N
3	39	12.50	AVAILABLE	\N	\N
3	8	12.50	AVAILABLE	\N	\N
12	1	25.00	AVAILABLE	\N	\N
10	1	25.00	AVAILABLE	\N	\N
13	1	25.00	AVAILABLE	\N	\N
7	1	25.00	AVAILABLE	\N	\N
11	1	25.00	AVAILABLE	\N	\N
13	4	25.00	AVAILABLE	\N	\N
1	4	25.00	AVAILABLE	\N	\N
3	40	12.50	AVAILABLE	\N	\N
8	2	25.00	BLOCKED	\N	\N
8	3	25.00	BLOCKED	\N	\N
8	4	25.00	BLOCKED	\N	\N
8	5	25.00	BLOCKED	\N	\N
13	6	25.00	AVAILABLE	\N	\N
12	2	25.00	AVAILABLE	\N	\N
10	2	25.00	AVAILABLE	\N	\N
9	2	25.00	AVAILABLE	\N	\N
6	2	25.00	AVAILABLE	\N	\N
13	7	25.00	AVAILABLE	\N	\N
13	10	25.00	AVAILABLE	\N	\N
13	11	25.00	AVAILABLE	\N	\N
12	3	25.00	AVAILABLE	\N	\N
10	3	25.00	AVAILABLE	\N	\N
9	3	25.00	AVAILABLE	\N	\N
13	12	25.00	AVAILABLE	\N	\N
13	13	25.00	AVAILABLE	\N	\N
13	14	25.00	AVAILABLE	\N	\N
13	15	25.00	AVAILABLE	\N	\N
13	16	25.00	AVAILABLE	\N	\N
12	4	25.00	AVAILABLE	\N	\N
11	4	25.00	AVAILABLE	\N	\N
10	4	25.00	AVAILABLE	\N	\N
9	4	25.00	AVAILABLE	\N	\N
6	4	25.00	AVAILABLE	\N	\N
13	17	25.00	AVAILABLE	\N	\N
13	18	25.00	AVAILABLE	\N	\N
13	19	25.00	AVAILABLE	\N	\N
13	20	25.00	AVAILABLE	\N	\N
4	1	15.00	BLOCKED	\N	\N
4	2	15.00	BLOCKED	\N	\N
4	3	15.00	BLOCKED	\N	\N
4	4	15.00	BLOCKED	\N	\N
4	5	15.00	BLOCKED	\N	\N
4	6	15.00	BLOCKED	\N	\N
4	7	15.00	BLOCKED	\N	\N
4	8	15.00	BLOCKED	\N	\N
4	9	15.00	BLOCKED	\N	\N
4	10	15.00	BLOCKED	\N	\N
4	11	15.00	BLOCKED	\N	\N
4	12	15.00	BLOCKED	\N	\N
4	13	15.00	BLOCKED	\N	\N
4	14	15.00	BLOCKED	\N	\N
4	16	15.00	BLOCKED	\N	\N
4	17	15.00	BLOCKED	\N	\N
4	18	15.00	BLOCKED	\N	\N
4	19	15.00	BLOCKED	\N	\N
4	20	15.00	BLOCKED	\N	\N
4	21	15.00	BLOCKED	\N	\N
4	22	15.00	BLOCKED	\N	\N
4	23	15.00	BLOCKED	\N	\N
4	24	15.00	BLOCKED	\N	\N
4	25	15.00	BLOCKED	\N	\N
4	26	15.00	BLOCKED	\N	\N
4	27	15.00	BLOCKED	\N	\N
4	28	15.00	BLOCKED	\N	\N
4	29	15.00	BLOCKED	\N	\N
4	30	15.00	BLOCKED	\N	\N
4	31	15.00	BLOCKED	\N	\N
4	32	15.00	BLOCKED	\N	\N
4	33	15.00	BLOCKED	\N	\N
4	34	15.00	BLOCKED	\N	\N
4	35	15.00	BLOCKED	\N	\N
4	36	15.00	BLOCKED	\N	\N
4	37	15.00	BLOCKED	\N	\N
4	38	15.00	BLOCKED	\N	\N
4	39	15.00	BLOCKED	\N	\N
4	40	15.00	BLOCKED	\N	\N
4	15	15.00	BLOCKED	\N	\N
13	21	25.00	AVAILABLE	\N	\N
12	5	25.00	AVAILABLE	\N	\N
10	5	25.00	AVAILABLE	\N	\N
9	5	25.00	AVAILABLE	\N	\N
6	5	25.00	AVAILABLE	\N	\N
13	22	25.00	AVAILABLE	\N	\N
13	23	25.00	AVAILABLE	\N	\N
13	24	25.00	AVAILABLE	\N	\N
13	25	25.00	AVAILABLE	\N	\N
7	5	25.00	BOOKED	\N	\N
7	4	25.00	BOOKED	\N	\N
13	8	25.00	BOOKED	\N	\N
13	9	25.00	BOOKED	\N	\N
11	5	25.00	BOOKED	\N	\N
6	1	25.00	AVAILABLE	\N	\N
11	2	25.00	AVAILABLE	\N	\N
6	3	25.00	AVAILABLE	\N	\N
7	3	25.00	AVAILABLE	\N	\N
7	2	25.00	AVAILABLE	\N	\N
11	3	25.00	AVAILABLE	\N	\N
5	1	20.00	BLOCKED	\N	\N
5	2	20.00	BLOCKED	\N	\N
5	3	20.00	BLOCKED	\N	\N
5	4	20.00	BLOCKED	\N	\N
5	5	20.00	BLOCKED	\N	\N
5	6	20.00	BLOCKED	\N	\N
5	7	20.00	BLOCKED	\N	\N
5	8	20.00	BLOCKED	\N	\N
5	9	20.00	BLOCKED	\N	\N
5	10	20.00	BLOCKED	\N	\N
5	12	20.00	BLOCKED	\N	\N
5	13	20.00	BLOCKED	\N	\N
5	14	20.00	BLOCKED	\N	\N
5	15	20.00	BLOCKED	\N	\N
5	16	20.00	BLOCKED	\N	\N
5	17	20.00	BLOCKED	\N	\N
5	18	20.00	BLOCKED	\N	\N
5	19	20.00	BLOCKED	\N	\N
5	20	20.00	BLOCKED	\N	\N
5	21	20.00	BLOCKED	\N	\N
5	22	20.00	BLOCKED	\N	\N
5	23	20.00	BLOCKED	\N	\N
5	24	20.00	BLOCKED	\N	\N
5	25	20.00	BLOCKED	\N	\N
5	26	20.00	BLOCKED	\N	\N
5	27	20.00	BLOCKED	\N	\N
5	28	20.00	BLOCKED	\N	\N
5	29	20.00	BLOCKED	\N	\N
5	30	20.00	BLOCKED	\N	\N
5	31	20.00	BLOCKED	\N	\N
5	32	20.00	BLOCKED	\N	\N
5	33	20.00	BLOCKED	\N	\N
5	34	20.00	BLOCKED	\N	\N
5	35	20.00	BLOCKED	\N	\N
5	36	20.00	BLOCKED	\N	\N
5	37	20.00	BLOCKED	\N	\N
5	38	20.00	BLOCKED	\N	\N
5	39	20.00	BLOCKED	\N	\N
5	40	20.00	BLOCKED	\N	\N
5	11	20.00	BLOCKED	\N	\N
8	6	25.00	BLOCKED	\N	\N
12	6	25.00	AVAILABLE	\N	\N
10	6	25.00	AVAILABLE	\N	\N
9	6	25.00	AVAILABLE	\N	\N
6	6	25.00	AVAILABLE	\N	\N
8	7	25.00	BLOCKED	\N	\N
8	8	25.00	BLOCKED	\N	\N
8	9	25.00	BLOCKED	\N	\N
8	10	25.00	BLOCKED	\N	\N
8	11	25.00	BLOCKED	\N	\N
12	7	25.00	AVAILABLE	\N	\N
10	7	25.00	AVAILABLE	\N	\N
9	7	25.00	AVAILABLE	\N	\N
6	7	25.00	AVAILABLE	\N	\N
8	12	25.00	BLOCKED	\N	\N
8	13	25.00	BLOCKED	\N	\N
8	14	25.00	BLOCKED	\N	\N
8	15	25.00	BLOCKED	\N	\N
8	16	25.00	BLOCKED	\N	\N
12	8	25.00	AVAILABLE	\N	\N
11	8	25.00	AVAILABLE	\N	\N
10	8	25.00	AVAILABLE	\N	\N
9	8	25.00	AVAILABLE	\N	\N
6	8	25.00	AVAILABLE	\N	\N
13	26	25.00	AVAILABLE	\N	\N
13	27	25.00	AVAILABLE	\N	\N
13	28	25.00	AVAILABLE	\N	\N
13	29	25.00	AVAILABLE	\N	\N
13	30	25.00	AVAILABLE	\N	\N
12	9	25.00	AVAILABLE	\N	\N
11	9	25.00	AVAILABLE	\N	\N
10	9	25.00	AVAILABLE	\N	\N
9	9	25.00	AVAILABLE	\N	\N
6	9	25.00	AVAILABLE	\N	\N
14	1	25.00	AVAILABLE	\N	\N
14	2	25.00	AVAILABLE	\N	\N
12	10	25.00	AVAILABLE	\N	\N
11	10	25.00	AVAILABLE	\N	\N
10	10	25.00	AVAILABLE	\N	\N
9	10	25.00	AVAILABLE	\N	\N
6	10	25.00	AVAILABLE	\N	\N
14	6	25.00	AVAILABLE	\N	\N
14	7	25.00	AVAILABLE	\N	\N
14	8	25.00	AVAILABLE	\N	\N
14	9	25.00	AVAILABLE	\N	\N
14	10	25.00	AVAILABLE	\N	\N
12	11	25.00	AVAILABLE	\N	\N
10	11	25.00	AVAILABLE	\N	\N
9	11	25.00	AVAILABLE	\N	\N
6	11	25.00	AVAILABLE	\N	\N
14	11	25.00	AVAILABLE	\N	\N
14	12	25.00	AVAILABLE	\N	\N
14	13	25.00	AVAILABLE	\N	\N
14	14	25.00	AVAILABLE	\N	\N
14	15	25.00	AVAILABLE	\N	\N
12	12	25.00	AVAILABLE	\N	\N
10	12	25.00	AVAILABLE	\N	\N
9	12	25.00	AVAILABLE	\N	\N
6	12	25.00	AVAILABLE	\N	\N
14	16	25.00	AVAILABLE	\N	\N
14	17	25.00	AVAILABLE	\N	\N
14	18	25.00	AVAILABLE	\N	\N
14	19	25.00	AVAILABLE	\N	\N
14	20	25.00	AVAILABLE	\N	\N
12	13	25.00	AVAILABLE	\N	\N
10	13	25.00	AVAILABLE	\N	\N
9	13	25.00	AVAILABLE	\N	\N
7	13	25.00	AVAILABLE	\N	\N
6	13	25.00	AVAILABLE	\N	\N
14	21	25.00	AVAILABLE	\N	\N
14	22	25.00	AVAILABLE	\N	\N
14	23	25.00	AVAILABLE	\N	\N
14	24	25.00	AVAILABLE	\N	\N
14	25	25.00	AVAILABLE	\N	\N
12	14	25.00	AVAILABLE	\N	\N
11	14	25.00	AVAILABLE	\N	\N
10	14	25.00	AVAILABLE	\N	\N
9	14	25.00	AVAILABLE	\N	\N
7	14	25.00	AVAILABLE	\N	\N
6	14	25.00	AVAILABLE	\N	\N
14	26	25.00	AVAILABLE	\N	\N
14	27	25.00	AVAILABLE	\N	\N
14	28	25.00	AVAILABLE	\N	\N
14	29	25.00	AVAILABLE	\N	\N
14	30	25.00	AVAILABLE	\N	\N
12	15	25.00	AVAILABLE	\N	\N
11	15	25.00	AVAILABLE	\N	\N
10	15	25.00	AVAILABLE	\N	\N
9	15	25.00	AVAILABLE	\N	\N
7	15	25.00	AVAILABLE	\N	\N
6	15	25.00	AVAILABLE	\N	\N
15	1	25.00	AVAILABLE	\N	\N
15	2	25.00	AVAILABLE	\N	\N
15	3	25.00	AVAILABLE	\N	\N
15	4	25.00	AVAILABLE	\N	\N
15	5	25.00	AVAILABLE	\N	\N
12	16	25.00	AVAILABLE	\N	\N
11	16	25.00	AVAILABLE	\N	\N
10	16	25.00	AVAILABLE	\N	\N
9	16	25.00	AVAILABLE	\N	\N
7	16	25.00	AVAILABLE	\N	\N
6	16	25.00	AVAILABLE	\N	\N
15	6	25.00	AVAILABLE	\N	\N
15	7	25.00	AVAILABLE	\N	\N
15	8	25.00	AVAILABLE	\N	\N
15	9	25.00	AVAILABLE	\N	\N
15	10	25.00	AVAILABLE	\N	\N
12	17	25.00	AVAILABLE	\N	\N
11	17	25.00	AVAILABLE	\N	\N
10	17	25.00	AVAILABLE	\N	\N
14	5	25.00	BOOKED	\N	\N
7	11	25.00	BOOKED	\N	\N
7	10	25.00	BOOKED	\N	\N
7	9	25.00	BOOKED	\N	\N
7	8	25.00	BOOKED	\N	\N
7	7	25.00	BOOKED	\N	\N
7	6	25.00	BOOKED	\N	\N
11	11	25.00	BOOKED	\N	\N
11	12	25.00	BOOKED	\N	\N
7	12	25.00	AVAILABLE	\N	\N
11	13	25.00	BOOKED	\N	\N
11	6	25.00	BOOKED	\N	\N
11	7	25.00	BOOKED	\N	\N
14	4	25.00	BOOKED	\N	\N
14	3	25.00	BOOKED	\N	\N
9	17	25.00	AVAILABLE	\N	\N
7	17	25.00	AVAILABLE	\N	\N
6	17	25.00	AVAILABLE	\N	\N
8	17	25.00	BLOCKED	\N	\N
8	18	25.00	BLOCKED	\N	\N
8	19	25.00	BLOCKED	\N	\N
8	20	25.00	BLOCKED	\N	\N
8	21	25.00	BLOCKED	\N	\N
12	18	25.00	AVAILABLE	\N	\N
11	18	25.00	AVAILABLE	\N	\N
10	18	25.00	AVAILABLE	\N	\N
9	18	25.00	AVAILABLE	\N	\N
7	18	25.00	AVAILABLE	\N	\N
6	18	25.00	AVAILABLE	\N	\N
8	22	25.00	BLOCKED	\N	\N
8	23	25.00	BLOCKED	\N	\N
8	24	25.00	BLOCKED	\N	\N
8	25	25.00	BLOCKED	\N	\N
8	26	25.00	BLOCKED	\N	\N
12	19	25.00	AVAILABLE	\N	\N
11	19	25.00	AVAILABLE	\N	\N
10	19	25.00	AVAILABLE	\N	\N
9	19	25.00	AVAILABLE	\N	\N
7	19	25.00	AVAILABLE	\N	\N
6	19	25.00	AVAILABLE	\N	\N
8	27	25.00	BLOCKED	\N	\N
8	28	25.00	BLOCKED	\N	\N
15	11	25.00	AVAILABLE	\N	\N
15	13	25.00	AVAILABLE	\N	\N
12	20	25.00	AVAILABLE	\N	\N
11	20	25.00	AVAILABLE	\N	\N
10	20	25.00	AVAILABLE	\N	\N
9	20	25.00	AVAILABLE	\N	\N
7	20	25.00	AVAILABLE	\N	\N
6	20	25.00	AVAILABLE	\N	\N
15	14	25.00	AVAILABLE	\N	\N
15	15	25.00	AVAILABLE	\N	\N
15	16	25.00	AVAILABLE	\N	\N
15	17	25.00	AVAILABLE	\N	\N
15	18	25.00	AVAILABLE	\N	\N
12	21	25.00	AVAILABLE	\N	\N
11	21	25.00	AVAILABLE	\N	\N
10	21	25.00	AVAILABLE	\N	\N
9	21	25.00	AVAILABLE	\N	\N
7	21	25.00	AVAILABLE	\N	\N
6	21	25.00	AVAILABLE	\N	\N
15	19	25.00	AVAILABLE	\N	\N
15	20	25.00	AVAILABLE	\N	\N
15	21	25.00	AVAILABLE	\N	\N
15	22	25.00	AVAILABLE	\N	\N
15	23	25.00	AVAILABLE	\N	\N
12	22	25.00	AVAILABLE	\N	\N
11	22	25.00	AVAILABLE	\N	\N
10	22	25.00	AVAILABLE	\N	\N
9	22	25.00	AVAILABLE	\N	\N
7	22	25.00	AVAILABLE	\N	\N
6	22	25.00	AVAILABLE	\N	\N
15	24	25.00	AVAILABLE	\N	\N
15	25	25.00	AVAILABLE	\N	\N
15	26	25.00	AVAILABLE	\N	\N
15	27	25.00	AVAILABLE	\N	\N
15	28	25.00	AVAILABLE	\N	\N
12	23	25.00	AVAILABLE	\N	\N
11	23	25.00	AVAILABLE	\N	\N
10	23	25.00	AVAILABLE	\N	\N
9	23	25.00	AVAILABLE	\N	\N
7	23	25.00	AVAILABLE	\N	\N
6	23	25.00	AVAILABLE	\N	\N
15	29	25.00	AVAILABLE	\N	\N
15	30	25.00	AVAILABLE	\N	\N
16	1	25.00	AVAILABLE	\N	\N
16	2	25.00	AVAILABLE	\N	\N
16	3	25.00	AVAILABLE	\N	\N
12	24	25.00	AVAILABLE	\N	\N
11	24	25.00	AVAILABLE	\N	\N
10	24	25.00	AVAILABLE	\N	\N
9	24	25.00	AVAILABLE	\N	\N
7	24	25.00	AVAILABLE	\N	\N
6	24	25.00	AVAILABLE	\N	\N
16	4	25.00	AVAILABLE	\N	\N
16	5	25.00	AVAILABLE	\N	\N
16	6	25.00	AVAILABLE	\N	\N
16	7	25.00	AVAILABLE	\N	\N
16	8	25.00	AVAILABLE	\N	\N
12	25	25.00	AVAILABLE	\N	\N
11	25	25.00	AVAILABLE	\N	\N
10	25	25.00	AVAILABLE	\N	\N
9	25	25.00	AVAILABLE	\N	\N
7	25	25.00	AVAILABLE	\N	\N
6	25	25.00	AVAILABLE	\N	\N
16	9	25.00	AVAILABLE	\N	\N
16	10	25.00	AVAILABLE	\N	\N
16	11	25.00	AVAILABLE	\N	\N
16	12	25.00	AVAILABLE	\N	\N
16	13	25.00	AVAILABLE	\N	\N
12	26	25.00	AVAILABLE	\N	\N
11	26	25.00	AVAILABLE	\N	\N
10	26	25.00	AVAILABLE	\N	\N
9	26	25.00	AVAILABLE	\N	\N
7	26	25.00	AVAILABLE	\N	\N
6	26	25.00	AVAILABLE	\N	\N
16	14	25.00	AVAILABLE	\N	\N
16	15	25.00	AVAILABLE	\N	\N
16	16	25.00	AVAILABLE	\N	\N
16	17	25.00	AVAILABLE	\N	\N
16	18	25.00	AVAILABLE	\N	\N
12	27	25.00	AVAILABLE	\N	\N
11	27	25.00	AVAILABLE	\N	\N
10	27	25.00	AVAILABLE	\N	\N
9	27	25.00	AVAILABLE	\N	\N
7	27	25.00	AVAILABLE	\N	\N
6	27	25.00	AVAILABLE	\N	\N
16	19	25.00	AVAILABLE	\N	\N
16	20	25.00	AVAILABLE	\N	\N
16	21	25.00	AVAILABLE	\N	\N
16	22	25.00	AVAILABLE	\N	\N
16	23	25.00	AVAILABLE	\N	\N
12	28	25.00	AVAILABLE	\N	\N
11	28	25.00	AVAILABLE	\N	\N
10	28	25.00	AVAILABLE	\N	\N
9	28	25.00	AVAILABLE	\N	\N
7	28	25.00	AVAILABLE	\N	\N
6	28	25.00	AVAILABLE	\N	\N
15	12	25.00	BOOKED	\N	\N
8	29	25.00	BLOCKED	\N	\N
8	30	25.00	BLOCKED	\N	\N
8	31	25.00	BLOCKED	\N	\N
8	32	25.00	BLOCKED	\N	\N
8	33	25.00	BLOCKED	\N	\N
12	29	25.00	AVAILABLE	\N	\N
11	29	25.00	AVAILABLE	\N	\N
10	29	25.00	AVAILABLE	\N	\N
9	29	25.00	AVAILABLE	\N	\N
7	29	25.00	AVAILABLE	\N	\N
6	29	25.00	AVAILABLE	\N	\N
8	34	25.00	BLOCKED	\N	\N
8	35	25.00	BLOCKED	\N	\N
8	36	25.00	BLOCKED	\N	\N
8	37	25.00	BLOCKED	\N	\N
8	38	25.00	BLOCKED	\N	\N
12	30	25.00	AVAILABLE	\N	\N
11	30	25.00	AVAILABLE	\N	\N
10	30	25.00	AVAILABLE	\N	\N
9	30	25.00	AVAILABLE	\N	\N
7	30	25.00	AVAILABLE	\N	\N
6	30	25.00	AVAILABLE	\N	\N
8	39	25.00	BLOCKED	\N	\N
16	24	25.00	AVAILABLE	\N	\N
16	25	25.00	AVAILABLE	\N	\N
16	26	25.00	AVAILABLE	\N	\N
16	27	25.00	AVAILABLE	\N	\N
12	31	25.00	AVAILABLE	\N	\N
11	31	25.00	AVAILABLE	\N	\N
10	31	25.00	AVAILABLE	\N	\N
9	31	25.00	AVAILABLE	\N	\N
7	31	25.00	AVAILABLE	\N	\N
6	31	25.00	AVAILABLE	\N	\N
16	28	25.00	AVAILABLE	\N	\N
16	29	25.00	AVAILABLE	\N	\N
16	30	25.00	AVAILABLE	\N	\N
17	1	25.00	AVAILABLE	\N	\N
17	2	25.00	AVAILABLE	\N	\N
12	32	25.00	AVAILABLE	\N	\N
11	32	25.00	AVAILABLE	\N	\N
10	32	25.00	AVAILABLE	\N	\N
9	32	25.00	AVAILABLE	\N	\N
7	32	25.00	AVAILABLE	\N	\N
6	32	25.00	AVAILABLE	\N	\N
17	3	25.00	AVAILABLE	\N	\N
17	4	25.00	AVAILABLE	\N	\N
17	5	25.00	AVAILABLE	\N	\N
17	6	25.00	AVAILABLE	\N	\N
17	7	25.00	AVAILABLE	\N	\N
12	33	25.00	AVAILABLE	\N	\N
11	33	25.00	AVAILABLE	\N	\N
10	33	25.00	AVAILABLE	\N	\N
9	33	25.00	AVAILABLE	\N	\N
7	33	25.00	AVAILABLE	\N	\N
17	8	25.00	AVAILABLE	\N	\N
17	9	25.00	AVAILABLE	\N	\N
17	10	25.00	AVAILABLE	\N	\N
17	11	25.00	AVAILABLE	\N	\N
17	12	25.00	AVAILABLE	\N	\N
12	34	25.00	AVAILABLE	\N	\N
11	34	25.00	AVAILABLE	\N	\N
10	34	25.00	AVAILABLE	\N	\N
9	34	25.00	AVAILABLE	\N	\N
7	34	25.00	AVAILABLE	\N	\N
6	34	25.00	AVAILABLE	\N	\N
17	13	25.00	AVAILABLE	\N	\N
17	14	25.00	AVAILABLE	\N	\N
17	15	25.00	AVAILABLE	\N	\N
17	16	25.00	AVAILABLE	\N	\N
17	17	25.00	AVAILABLE	\N	\N
12	35	25.00	AVAILABLE	\N	\N
11	35	25.00	AVAILABLE	\N	\N
10	35	25.00	AVAILABLE	\N	\N
9	35	25.00	AVAILABLE	\N	\N
7	35	25.00	AVAILABLE	\N	\N
6	35	25.00	AVAILABLE	\N	\N
17	18	25.00	AVAILABLE	\N	\N
17	19	25.00	AVAILABLE	\N	\N
17	20	25.00	AVAILABLE	\N	\N
17	21	25.00	AVAILABLE	\N	\N
17	22	25.00	AVAILABLE	\N	\N
12	36	25.00	AVAILABLE	\N	\N
11	36	25.00	AVAILABLE	\N	\N
10	36	25.00	AVAILABLE	\N	\N
9	36	25.00	AVAILABLE	\N	\N
7	36	25.00	AVAILABLE	\N	\N
6	36	25.00	AVAILABLE	\N	\N
17	23	25.00	AVAILABLE	\N	\N
17	24	25.00	AVAILABLE	\N	\N
17	25	25.00	AVAILABLE	\N	\N
17	26	25.00	AVAILABLE	\N	\N
17	27	25.00	AVAILABLE	\N	\N
12	37	25.00	AVAILABLE	\N	\N
11	37	25.00	AVAILABLE	\N	\N
10	37	25.00	AVAILABLE	\N	\N
9	37	25.00	AVAILABLE	\N	\N
7	37	25.00	AVAILABLE	\N	\N
6	37	25.00	AVAILABLE	\N	\N
17	28	25.00	AVAILABLE	\N	\N
17	29	25.00	AVAILABLE	\N	\N
17	30	25.00	AVAILABLE	\N	\N
18	16	25.00	AVAILABLE	\N	\N
25	17	25.00	AVAILABLE	\N	\N
12	38	25.00	AVAILABLE	\N	\N
11	38	25.00	AVAILABLE	\N	\N
10	38	25.00	AVAILABLE	\N	\N
9	38	25.00	AVAILABLE	\N	\N
7	38	25.00	AVAILABLE	\N	\N
6	38	25.00	AVAILABLE	\N	\N
24	17	25.00	AVAILABLE	\N	\N
23	17	25.00	AVAILABLE	\N	\N
22	17	25.00	AVAILABLE	\N	\N
21	17	25.00	AVAILABLE	\N	\N
20	17	25.00	AVAILABLE	\N	\N
12	39	25.00	AVAILABLE	\N	\N
11	39	25.00	AVAILABLE	\N	\N
10	39	25.00	AVAILABLE	\N	\N
9	39	25.00	AVAILABLE	\N	\N
7	39	25.00	AVAILABLE	\N	\N
6	39	25.00	AVAILABLE	\N	\N
19	17	25.00	AVAILABLE	\N	\N
18	17	25.00	AVAILABLE	\N	\N
25	18	25.00	AVAILABLE	\N	\N
24	18	25.00	AVAILABLE	\N	\N
23	18	25.00	AVAILABLE	\N	\N
22	18	25.00	AVAILABLE	\N	\N
21	18	25.00	AVAILABLE	\N	\N
20	18	25.00	AVAILABLE	\N	\N
19	18	25.00	AVAILABLE	\N	\N
18	18	25.00	AVAILABLE	\N	\N
25	19	25.00	AVAILABLE	\N	\N
24	19	25.00	AVAILABLE	\N	\N
23	19	25.00	AVAILABLE	\N	\N
22	19	25.00	AVAILABLE	\N	\N
8	40	25.00	BLOCKED	\N	\N
12	40	25.00	AVAILABLE	\N	\N
11	40	25.00	AVAILABLE	\N	\N
10	40	25.00	AVAILABLE	\N	\N
9	40	25.00	AVAILABLE	\N	\N
7	40	25.00	AVAILABLE	\N	\N
6	40	25.00	AVAILABLE	\N	\N
1	8	25.00	BOOKED	\N	\N
25	1	25.00	AVAILABLE	\N	\N
24	1	25.00	AVAILABLE	\N	\N
23	1	25.00	AVAILABLE	\N	\N
20	1	25.00	AVAILABLE	\N	\N
19	1	25.00	AVAILABLE	\N	\N
18	1	25.00	AVAILABLE	\N	\N
25	2	25.00	AVAILABLE	\N	\N
24	2	25.00	AVAILABLE	\N	\N
21	2	25.00	AVAILABLE	\N	\N
20	2	25.00	AVAILABLE	\N	\N
19	2	25.00	AVAILABLE	\N	\N
18	2	25.00	AVAILABLE	\N	\N
24	3	25.00	AVAILABLE	\N	\N
21	3	25.00	AVAILABLE	\N	\N
20	3	25.00	AVAILABLE	\N	\N
19	3	25.00	AVAILABLE	\N	\N
18	3	25.00	AVAILABLE	\N	\N
25	4	25.00	AVAILABLE	\N	\N
24	4	25.00	AVAILABLE	\N	\N
21	4	25.00	AVAILABLE	\N	\N
20	4	25.00	AVAILABLE	\N	\N
19	4	25.00	AVAILABLE	\N	\N
18	4	25.00	AVAILABLE	\N	\N
25	5	25.00	AVAILABLE	\N	\N
24	5	25.00	AVAILABLE	\N	\N
23	5	25.00	AVAILABLE	\N	\N
22	5	25.00	AVAILABLE	\N	\N
21	5	25.00	AVAILABLE	\N	\N
20	5	25.00	AVAILABLE	\N	\N
19	5	25.00	AVAILABLE	\N	\N
18	5	25.00	AVAILABLE	\N	\N
25	6	25.00	AVAILABLE	\N	\N
24	6	25.00	AVAILABLE	\N	\N
23	6	25.00	AVAILABLE	\N	\N
22	6	25.00	AVAILABLE	\N	\N
21	6	25.00	AVAILABLE	\N	\N
20	6	25.00	AVAILABLE	\N	\N
19	6	25.00	AVAILABLE	\N	\N
18	6	25.00	AVAILABLE	\N	\N
25	7	25.00	AVAILABLE	\N	\N
24	7	25.00	AVAILABLE	\N	\N
23	7	25.00	AVAILABLE	\N	\N
22	7	25.00	AVAILABLE	\N	\N
21	7	25.00	AVAILABLE	\N	\N
20	7	25.00	AVAILABLE	\N	\N
19	7	25.00	AVAILABLE	\N	\N
18	7	25.00	AVAILABLE	\N	\N
25	8	25.00	AVAILABLE	\N	\N
24	8	25.00	AVAILABLE	\N	\N
23	8	25.00	AVAILABLE	\N	\N
22	8	25.00	AVAILABLE	\N	\N
21	8	25.00	AVAILABLE	\N	\N
20	8	25.00	AVAILABLE	\N	\N
19	8	25.00	AVAILABLE	\N	\N
18	8	25.00	AVAILABLE	\N	\N
25	9	25.00	AVAILABLE	\N	\N
24	9	25.00	AVAILABLE	\N	\N
23	9	25.00	AVAILABLE	\N	\N
22	9	25.00	AVAILABLE	\N	\N
21	9	25.00	AVAILABLE	\N	\N
20	9	25.00	AVAILABLE	\N	\N
19	9	25.00	AVAILABLE	\N	\N
18	9	25.00	AVAILABLE	\N	\N
25	10	25.00	AVAILABLE	\N	\N
24	10	25.00	AVAILABLE	\N	\N
23	10	25.00	AVAILABLE	\N	\N
22	10	25.00	AVAILABLE	\N	\N
21	10	25.00	AVAILABLE	\N	\N
20	10	25.00	AVAILABLE	\N	\N
19	10	25.00	AVAILABLE	\N	\N
18	10	25.00	AVAILABLE	\N	\N
25	11	25.00	AVAILABLE	\N	\N
24	11	25.00	AVAILABLE	\N	\N
23	11	25.00	AVAILABLE	\N	\N
22	11	25.00	AVAILABLE	\N	\N
21	11	25.00	AVAILABLE	\N	\N
20	11	25.00	AVAILABLE	\N	\N
19	11	25.00	AVAILABLE	\N	\N
18	11	25.00	AVAILABLE	\N	\N
25	12	25.00	AVAILABLE	\N	\N
24	12	25.00	AVAILABLE	\N	\N
23	12	25.00	AVAILABLE	\N	\N
22	12	25.00	AVAILABLE	\N	\N
21	12	25.00	AVAILABLE	\N	\N
20	12	25.00	AVAILABLE	\N	\N
19	12	25.00	AVAILABLE	\N	\N
18	12	25.00	AVAILABLE	\N	\N
25	13	25.00	AVAILABLE	\N	\N
24	13	25.00	AVAILABLE	\N	\N
23	13	25.00	AVAILABLE	\N	\N
22	13	25.00	AVAILABLE	\N	\N
20	13	25.00	AVAILABLE	\N	\N
19	13	25.00	AVAILABLE	\N	\N
18	13	25.00	AVAILABLE	\N	\N
25	14	25.00	AVAILABLE	\N	\N
24	14	25.00	AVAILABLE	\N	\N
23	14	25.00	AVAILABLE	\N	\N
22	14	25.00	AVAILABLE	\N	\N
21	14	25.00	AVAILABLE	\N	\N
20	14	25.00	AVAILABLE	\N	\N
19	14	25.00	AVAILABLE	\N	\N
18	14	25.00	AVAILABLE	\N	\N
25	15	25.00	AVAILABLE	\N	\N
24	15	25.00	AVAILABLE	\N	\N
23	15	25.00	AVAILABLE	\N	\N
22	15	25.00	AVAILABLE	\N	\N
21	15	25.00	AVAILABLE	\N	\N
20	15	25.00	AVAILABLE	\N	\N
19	15	25.00	AVAILABLE	\N	\N
18	15	25.00	AVAILABLE	\N	\N
25	16	25.00	AVAILABLE	\N	\N
24	16	25.00	AVAILABLE	\N	\N
23	16	25.00	AVAILABLE	\N	\N
22	16	25.00	AVAILABLE	\N	\N
21	16	25.00	AVAILABLE	\N	\N
20	16	25.00	AVAILABLE	\N	\N
19	16	25.00	AVAILABLE	\N	\N
21	13	25.00	BOOKED	\N	\N
23	4	25.00	BOOKED	\N	\N
23	3	25.00	BOOKED	\N	\N
21	1	25.00	BOOKED	\N	\N
22	1	25.00	BOOKED	\N	\N
22	3	25.00	BOOKED	\N	\N
22	4	25.00	AVAILABLE	\N	\N
23	2	25.00	AVAILABLE	\N	\N
21	19	25.00	AVAILABLE	\N	\N
20	19	25.00	AVAILABLE	\N	\N
19	19	25.00	AVAILABLE	\N	\N
18	19	25.00	AVAILABLE	\N	\N
25	20	25.00	AVAILABLE	\N	\N
24	20	25.00	AVAILABLE	\N	\N
23	20	25.00	AVAILABLE	\N	\N
22	20	25.00	AVAILABLE	\N	\N
21	20	25.00	AVAILABLE	\N	\N
20	20	25.00	AVAILABLE	\N	\N
19	20	25.00	AVAILABLE	\N	\N
18	20	25.00	AVAILABLE	\N	\N
25	21	25.00	AVAILABLE	\N	\N
24	21	25.00	AVAILABLE	\N	\N
23	21	25.00	AVAILABLE	\N	\N
22	21	25.00	AVAILABLE	\N	\N
21	21	25.00	AVAILABLE	\N	\N
20	21	25.00	AVAILABLE	\N	\N
19	21	25.00	AVAILABLE	\N	\N
18	21	25.00	AVAILABLE	\N	\N
25	22	25.00	AVAILABLE	\N	\N
24	22	25.00	AVAILABLE	\N	\N
23	22	25.00	AVAILABLE	\N	\N
22	22	25.00	AVAILABLE	\N	\N
21	22	25.00	AVAILABLE	\N	\N
20	22	25.00	AVAILABLE	\N	\N
19	22	25.00	AVAILABLE	\N	\N
18	22	25.00	AVAILABLE	\N	\N
25	23	25.00	AVAILABLE	\N	\N
24	23	25.00	AVAILABLE	\N	\N
23	23	25.00	AVAILABLE	\N	\N
22	23	25.00	AVAILABLE	\N	\N
21	23	25.00	AVAILABLE	\N	\N
20	23	25.00	AVAILABLE	\N	\N
19	23	25.00	AVAILABLE	\N	\N
18	23	25.00	AVAILABLE	\N	\N
25	24	25.00	AVAILABLE	\N	\N
24	24	25.00	AVAILABLE	\N	\N
23	24	25.00	AVAILABLE	\N	\N
22	24	25.00	AVAILABLE	\N	\N
21	24	25.00	AVAILABLE	\N	\N
20	24	25.00	AVAILABLE	\N	\N
19	24	25.00	AVAILABLE	\N	\N
18	24	25.00	AVAILABLE	\N	\N
25	25	25.00	AVAILABLE	\N	\N
24	25	25.00	AVAILABLE	\N	\N
23	25	25.00	AVAILABLE	\N	\N
22	25	25.00	AVAILABLE	\N	\N
21	25	25.00	AVAILABLE	\N	\N
20	25	25.00	AVAILABLE	\N	\N
19	25	25.00	AVAILABLE	\N	\N
18	25	25.00	AVAILABLE	\N	\N
25	26	25.00	AVAILABLE	\N	\N
24	26	25.00	AVAILABLE	\N	\N
23	26	25.00	AVAILABLE	\N	\N
22	26	25.00	AVAILABLE	\N	\N
21	26	25.00	AVAILABLE	\N	\N
20	26	25.00	AVAILABLE	\N	\N
19	26	25.00	AVAILABLE	\N	\N
18	26	25.00	AVAILABLE	\N	\N
25	27	25.00	AVAILABLE	\N	\N
24	27	25.00	AVAILABLE	\N	\N
23	27	25.00	AVAILABLE	\N	\N
22	27	25.00	AVAILABLE	\N	\N
21	27	25.00	AVAILABLE	\N	\N
20	27	25.00	AVAILABLE	\N	\N
19	27	25.00	AVAILABLE	\N	\N
18	27	25.00	AVAILABLE	\N	\N
25	28	25.00	AVAILABLE	\N	\N
24	28	25.00	AVAILABLE	\N	\N
23	28	25.00	AVAILABLE	\N	\N
22	28	25.00	AVAILABLE	\N	\N
21	28	25.00	AVAILABLE	\N	\N
20	28	25.00	AVAILABLE	\N	\N
19	28	25.00	AVAILABLE	\N	\N
18	28	25.00	AVAILABLE	\N	\N
25	29	25.00	AVAILABLE	\N	\N
24	29	25.00	AVAILABLE	\N	\N
23	29	25.00	AVAILABLE	\N	\N
22	29	25.00	AVAILABLE	\N	\N
21	29	25.00	AVAILABLE	\N	\N
20	29	25.00	AVAILABLE	\N	\N
19	29	25.00	AVAILABLE	\N	\N
18	29	25.00	AVAILABLE	\N	\N
25	30	25.00	AVAILABLE	\N	\N
24	30	25.00	AVAILABLE	\N	\N
23	30	25.00	AVAILABLE	\N	\N
22	30	25.00	AVAILABLE	\N	\N
21	30	25.00	AVAILABLE	\N	\N
20	30	25.00	AVAILABLE	\N	\N
19	30	25.00	AVAILABLE	\N	\N
18	30	25.00	AVAILABLE	\N	\N
25	31	25.00	AVAILABLE	\N	\N
24	31	25.00	AVAILABLE	\N	\N
23	31	25.00	AVAILABLE	\N	\N
22	31	25.00	AVAILABLE	\N	\N
21	31	25.00	AVAILABLE	\N	\N
20	31	25.00	AVAILABLE	\N	\N
19	31	25.00	AVAILABLE	\N	\N
18	31	25.00	AVAILABLE	\N	\N
25	32	25.00	AVAILABLE	\N	\N
24	32	25.00	AVAILABLE	\N	\N
23	32	25.00	AVAILABLE	\N	\N
22	32	25.00	AVAILABLE	\N	\N
21	32	25.00	AVAILABLE	\N	\N
20	32	25.00	AVAILABLE	\N	\N
19	32	25.00	AVAILABLE	\N	\N
18	32	25.00	AVAILABLE	\N	\N
25	33	25.00	AVAILABLE	\N	\N
24	33	25.00	AVAILABLE	\N	\N
23	33	25.00	AVAILABLE	\N	\N
22	33	25.00	AVAILABLE	\N	\N
21	33	25.00	AVAILABLE	\N	\N
20	33	25.00	AVAILABLE	\N	\N
19	33	25.00	AVAILABLE	\N	\N
18	33	25.00	AVAILABLE	\N	\N
25	34	25.00	AVAILABLE	\N	\N
24	34	25.00	AVAILABLE	\N	\N
23	34	25.00	AVAILABLE	\N	\N
22	34	25.00	AVAILABLE	\N	\N
21	34	25.00	AVAILABLE	\N	\N
20	34	25.00	AVAILABLE	\N	\N
19	34	25.00	AVAILABLE	\N	\N
18	34	25.00	AVAILABLE	\N	\N
25	35	25.00	AVAILABLE	\N	\N
24	35	25.00	AVAILABLE	\N	\N
23	35	25.00	AVAILABLE	\N	\N
22	35	25.00	AVAILABLE	\N	\N
21	35	25.00	AVAILABLE	\N	\N
20	35	25.00	AVAILABLE	\N	\N
19	35	25.00	AVAILABLE	\N	\N
18	35	25.00	AVAILABLE	\N	\N
25	36	25.00	AVAILABLE	\N	\N
24	36	25.00	AVAILABLE	\N	\N
23	36	25.00	AVAILABLE	\N	\N
22	36	25.00	AVAILABLE	\N	\N
21	36	25.00	AVAILABLE	\N	\N
20	36	25.00	AVAILABLE	\N	\N
19	36	25.00	AVAILABLE	\N	\N
18	36	25.00	AVAILABLE	\N	\N
25	37	25.00	AVAILABLE	\N	\N
24	37	25.00	AVAILABLE	\N	\N
23	37	25.00	AVAILABLE	\N	\N
22	37	25.00	AVAILABLE	\N	\N
21	37	25.00	AVAILABLE	\N	\N
20	37	25.00	AVAILABLE	\N	\N
19	37	25.00	AVAILABLE	\N	\N
18	37	25.00	AVAILABLE	\N	\N
25	38	25.00	AVAILABLE	\N	\N
24	38	25.00	AVAILABLE	\N	\N
23	38	25.00	AVAILABLE	\N	\N
22	38	25.00	AVAILABLE	\N	\N
21	38	25.00	AVAILABLE	\N	\N
20	38	25.00	AVAILABLE	\N	\N
19	38	25.00	AVAILABLE	\N	\N
18	38	25.00	AVAILABLE	\N	\N
25	39	25.00	AVAILABLE	\N	\N
24	39	25.00	AVAILABLE	\N	\N
23	39	25.00	AVAILABLE	\N	\N
22	39	25.00	AVAILABLE	\N	\N
21	39	25.00	AVAILABLE	\N	\N
20	39	25.00	AVAILABLE	\N	\N
19	39	25.00	AVAILABLE	\N	\N
18	39	25.00	AVAILABLE	\N	\N
25	40	25.00	AVAILABLE	\N	\N
24	40	25.00	AVAILABLE	\N	\N
23	40	25.00	AVAILABLE	\N	\N
22	40	25.00	AVAILABLE	\N	\N
21	40	25.00	AVAILABLE	\N	\N
20	40	25.00	AVAILABLE	\N	\N
19	40	25.00	AVAILABLE	\N	\N
18	40	25.00	AVAILABLE	\N	\N
6	33	25.00	BOOKED	\N	\N
25	3	25.00	BOOKED	\N	\N
22	2	25.00	BOOKED	\N	\N
9	1	25.00	BOOKED	\N	\N
26	1	25.00	BLOCKED	\N	\N
26	2	25.00	BLOCKED	\N	\N
26	3	25.00	BLOCKED	\N	\N
26	4	25.00	BLOCKED	\N	\N
26	5	25.00	BLOCKED	\N	\N
26	6	25.00	BLOCKED	\N	\N
26	7	25.00	BLOCKED	\N	\N
26	8	25.00	BLOCKED	\N	\N
26	9	25.00	BLOCKED	\N	\N
26	10	25.00	BLOCKED	\N	\N
26	11	25.00	BLOCKED	\N	\N
26	12	25.00	BLOCKED	\N	\N
26	13	25.00	BLOCKED	\N	\N
26	14	25.00	BLOCKED	\N	\N
26	15	25.00	BLOCKED	\N	\N
26	16	25.00	BLOCKED	\N	\N
26	17	25.00	BLOCKED	\N	\N
26	18	25.00	BLOCKED	\N	\N
26	19	25.00	BLOCKED	\N	\N
26	20	25.00	BLOCKED	\N	\N
26	21	25.00	BLOCKED	\N	\N
26	22	25.00	BLOCKED	\N	\N
26	23	25.00	BLOCKED	\N	\N
26	24	25.00	BLOCKED	\N	\N
26	25	25.00	BLOCKED	\N	\N
26	26	25.00	BLOCKED	\N	\N
26	27	25.00	BLOCKED	\N	\N
26	28	25.00	BLOCKED	\N	\N
26	29	25.00	BLOCKED	\N	\N
26	30	25.00	BLOCKED	\N	\N
26	31	25.00	BLOCKED	\N	\N
26	32	25.00	BLOCKED	\N	\N
26	33	25.00	BLOCKED	\N	\N
26	34	25.00	BLOCKED	\N	\N
26	35	25.00	BLOCKED	\N	\N
26	36	25.00	BLOCKED	\N	\N
26	37	25.00	BLOCKED	\N	\N
26	38	25.00	BLOCKED	\N	\N
26	39	25.00	BLOCKED	\N	\N
26	40	25.00	BLOCKED	\N	\N
27	1	25.00	AVAILABLE	\N	\N
27	2	25.00	AVAILABLE	\N	\N
27	3	25.00	AVAILABLE	\N	\N
27	4	25.00	AVAILABLE	\N	\N
27	5	25.00	AVAILABLE	\N	\N
27	6	25.00	AVAILABLE	\N	\N
27	7	25.00	AVAILABLE	\N	\N
27	8	25.00	AVAILABLE	\N	\N
27	9	25.00	AVAILABLE	\N	\N
27	10	25.00	AVAILABLE	\N	\N
27	11	25.00	AVAILABLE	\N	\N
27	12	25.00	AVAILABLE	\N	\N
27	13	25.00	AVAILABLE	\N	\N
27	14	25.00	AVAILABLE	\N	\N
27	15	25.00	AVAILABLE	\N	\N
27	16	25.00	AVAILABLE	\N	\N
27	17	25.00	AVAILABLE	\N	\N
27	18	25.00	AVAILABLE	\N	\N
27	19	25.00	AVAILABLE	\N	\N
27	20	25.00	AVAILABLE	\N	\N
27	23	25.00	AVAILABLE	\N	\N
27	24	25.00	AVAILABLE	\N	\N
27	25	25.00	AVAILABLE	\N	\N
27	26	25.00	AVAILABLE	\N	\N
27	27	25.00	AVAILABLE	\N	\N
27	28	25.00	AVAILABLE	\N	\N
27	29	25.00	AVAILABLE	\N	\N
27	30	25.00	AVAILABLE	\N	\N
27	31	25.00	AVAILABLE	\N	\N
27	32	25.00	AVAILABLE	\N	\N
27	33	25.00	AVAILABLE	\N	\N
27	34	25.00	AVAILABLE	\N	\N
27	35	25.00	AVAILABLE	\N	\N
27	36	25.00	AVAILABLE	\N	\N
27	37	25.00	AVAILABLE	\N	\N
27	38	25.00	AVAILABLE	\N	\N
27	39	25.00	AVAILABLE	\N	\N
27	40	25.00	AVAILABLE	\N	\N
27	21	25.00	BOOKED	\N	\N
27	22	25.00	BOOKED	\N	\N
1	3	25.00	AVAILABLE	\N	\N
\.


--
-- TOC entry 5004 (class 0 OID 16418)
-- Dependencies: 224
-- Data for Name: events; Type: TABLE DATA; Schema: public; Owner: postgres
--

COPY public.events (event_id, venue_id, title, description, category, start_time, status) FROM stdin;
1	1	Rock Night Concert	Live rock music in Tirana	MUSIC	2026-03-10 20:00:00	ACTIVE
2	1	Tech Conference 2026	AI and Cybersecurity talks	CONFERENCE	2026-04-05 10:00:00	ACTIVE
3	1	Shakespeare Night - Hamlet	A special performance of Hamlet in Tirana.	THEATRE	2026-05-05 19:00:00	ACTIVE
4	1	Watch above you	Watch a movie LAYING	Cinema	2026-03-10 20:00:00	DELETED
5	1	a	a	a	2026-03-10 20:00:00	DELETED
6	1	Jazz & Wine Evening	A relaxing live jazz night with wine tasting and acoustic performances.	MUSIC	2026-03-12 20:00:00	ACTIVE
7	1	Pop Festival Live	A modern pop concert featuring local and international artists.	MUSIC	2026-03-20 21:00:00	ACTIVE
9	1	Robotics Future Expo 2026	A technology conference focused on robotics, automation, and smart machines.	CONFERENCE	2026-04-05 10:00:00	ACTIVE
10	1	Street Food Carnival	Taste dishes from around the world with live cooking shows and music.	FOOD	2026-03-25 17:00:00	ACTIVE
11	1	Champions Sports Arena Night	A live sports event with interactive games and fan activities.	SPORT	2026-04-01 18:00:00	ACTIVE
12	1	International Movie Premiere	Exclusive premiere screening with red carpet atmosphere and guests.	CINEMA	2026-04-10 20:30:00	ACTIVE
13	1	Tirana Derby Watch Party: Basketball	Live screening + fan zone. Halftime mini-games and prizes. Family friendly.	SPORT	2026-03-02 19:30:00	ACTIVE
14	1	Theatre: The Room Next Door	A modern drama in two acts. Limited seats, intimate stage.	THEATRE	2026-03-05 20:00:00	ACTIVE
15	1	Cinema Night: Classic Mystery Marathon	Two back-to-back mystery films + short intermission. Popcorn included.	CINEMA	2026-03-07 18:45:00	ACTIVE
16	1	Book Club Live: Modern Albanian Writers	Discussion + Q&A with a guest author. Bring your favorite quote.	BOOK	2026-03-10 18:00:00	ACTIVE
17	1	Workshop: Latte Art & Home Barista Basics	Hands-on workshop: espresso basics, milk steaming, latte art hearts.	WORKSHOP	2026-03-12 17:30:00	ACTIVE
8	1	Shakespeare Theatre Night	A classic theatre performance with dramatic storytelling and stage acting.	THEATRE	2026-03-18 19:30:00	DELETED
18	1	Book Talk: AI & Society	A live discussion on artificial intelligence, ethics, and future impact with guest speakers.	BOOK	2026-03-15 18:30:00	ACTIVE
19	1	Literature Night: Poetry & Coffee	An evening of modern poetry readings, calm atmosphere, and open mic sessions.	BOOK	2026-03-22 19:00:00	ACTIVE
20	1	Workshop: Cybersecurity Basics Bootcamp	Hands-on workshop introducing password safety, phishing awareness, and secure browsing.	WORKSHOP	2026-03-19 16:00:00	ACTIVE
21	1	Cinema Premiere: Sci-Fi Future Worlds	Exclusive screening of a futuristic sci-fi movie with immersive sound and visuals.	CINEMA	2026-03-28 20:45:00	ACTIVE
22	1	Theatre Special: Midnight Stories Live	A modern theatrical performance with mystery, drama, and cinematic lighting.	THEATRE	2026-04-02 20:00:00	ACTIVE
23	1	Sports Event: Tirana Champions Fan Night	A live sports celebration with competitions, prizes, and fan activities.	SPORT	2026-04-08 18:30:00	ACTIVE
24	1	Food Festival: Mediterranean Taste Street	A vibrant food event featuring Mediterranean cuisine, chefs, and live music.	FOOD	2026-04-12 17:30:00	ACTIVE
25	1	Conference: Future Tech & Smart Cities	A professional conference exploring AI, IoT, and the future of smart urban development.	CONFERENCE	2026-04-18 10:30:00	ACTIVE
26	1	Cyber Night Tirana	Talks + live demo: brute-force detection & suspicious bookings.	SECURITY	2026-03-15 20:30:00	DELETED
27	1	Cyber Night Tirana	Talks + live demo: brute-force detection & suspicious bookings.	CYBER SECURITY	2026-03-15 20:30:00	ACTIVE
\.


--
-- TOC entry 5014 (class 0 OID 16553)
-- Dependencies: 234
-- Data for Name: payments; Type: TABLE DATA; Schema: public; Owner: postgres
--

COPY public.payments (payment_id, booking_id, provider, provider_order_id, provider_capture_id, amount, status, created_at) FROM stdin;
1	47	PAYPAL	ORDER-d15c26d3-f222-4909-a0ae-9291aa2946c1	CAPTURE-f2ce61c2-46fb-4af7-a6df-326c7f860218	25.00	COMPLETED	2026-02-22 20:04:12.983037
2	48	PAYPAL	ORDER-2d38fd55-5a66-4e5d-aadc-f2478f226bfe	CAPTURE-4c4d39b1-e27a-467a-bd0c-2d57c6ef4a9b	25.00	COMPLETED	2026-02-22 20:29:05.920187
\.


--
-- TOC entry 5006 (class 0 OID 16438)
-- Dependencies: 226
-- Data for Name: seats; Type: TABLE DATA; Schema: public; Owner: postgres
--

COPY public.seats (seat_id, venue_id, section, row_label, seat_no) FROM stdin;
1	1	A	A	1
2	1	A	A	2
3	1	A	A	3
4	1	A	A	4
5	1	A	A	5
6	1	A	A	6
7	1	A	A	7
8	1	A	A	8
9	1	A	A	9
10	1	A	A	10
11	1	A	B	1
12	1	A	B	2
13	1	A	B	3
14	1	A	B	4
15	1	A	B	5
16	1	A	B	6
17	1	A	B	7
18	1	A	B	8
19	1	A	B	9
20	1	A	B	10
21	1	A	C	1
22	1	A	C	2
23	1	A	C	3
24	1	A	C	4
25	1	A	C	5
26	1	A	C	6
27	1	A	C	7
28	1	A	C	8
29	1	A	C	9
30	1	A	C	10
31	1	A	D	1
32	1	A	D	2
33	1	A	D	3
34	1	A	D	4
35	1	A	D	5
36	1	A	D	6
37	1	A	D	7
38	1	A	D	8
39	1	A	D	9
40	1	A	D	10
\.


--
-- TOC entry 5012 (class 0 OID 16530)
-- Dependencies: 232
-- Data for Name: security_logs; Type: TABLE DATA; Schema: public; Owner: postgres
--

COPY public.security_logs (log_id, created_at, level, action, user_id, email, details) FROM stdin;
1	2026-02-10 14:59:23.520701	INFO	LOGIN_OK	8	ales@gmail.com	Role=ADMIN
2	2026-02-10 15:04:34.934968	INFO	LOGIN_OK	5	miska@gmail.com	Role=CUSTOMER
3	2026-02-10 16:09:24.919064	INFO	LOGIN_OK	8	ales@gmail.com	Role=ADMIN
4	2026-02-10 16:50:10.235288	INFO	LOGIN_OK	8	ales@gmail.com	Role=ADMIN
5	2026-02-10 18:33:08.893621	INFO	LOGIN_OK	8	ales@gmail.com	Role=ADMIN
6	2026-02-10 18:34:35.96721	INFO	LOGIN_OK	8	ales@gmail.com	Role=ADMIN
7	2026-02-10 18:36:15.758592	INFO	LOGIN_OK	6	k	Role=CUSTOMER
8	2026-02-10 18:51:37.794605	INFO	LOGIN_OK	8	ales@gmail.com	Role=ADMIN
9	2026-02-10 19:23:22.766044	INFO	LOGIN_OK	8	ales@gmail.com	Role=ADMIN
10	2026-02-10 19:24:56.611185	WARN	LOGIN_FAIL	5	miska@gmail.com	Reason=WRONG_PASSWORD
11	2026-02-10 19:24:59.595693	WARN	LOGIN_FAIL	5	miska@gmail.com	Reason=WRONG_PASSWORD
12	2026-02-10 19:25:06.087809	WARN	LOGIN_FAIL	5	miska@gmail.com	Reason=WRONG_PASSWORD
13	2026-02-10 19:25:10.432586	WARN	LOGIN_FAIL	5	miska@gmail.com	Reason=WRONG_PASSWORD
14	2026-02-10 19:25:11.09262	WARN	LOGIN_FAIL	5	miska@gmail.com	Reason=WRONG_PASSWORD
15	2026-02-10 19:25:11.42686	WARN	LOGIN_FAIL	5	miska@gmail.com	Reason=WRONG_PASSWORD
16	2026-02-10 19:25:14.634981	WARN	LOGIN_FAIL	5	miska@gmail.com	Reason=WRONG_PASSWORD
17	2026-02-10 19:25:18.004285	WARN	LOGIN_FAIL	5	miska@gmail.com	Reason=WRONG_PASSWORD
18	2026-02-10 19:25:18.352525	WARN	LOGIN_FAIL	5	miska@gmail.com	Reason=WRONG_PASSWORD
19	2026-02-10 19:25:22.809927	WARN	LOGIN_FAIL	5	miska@gmail.com	Reason=WRONG_PASSWORD
20	2026-02-10 19:25:23.18976	WARN	LOGIN_FAIL	5	miska@gmail.com	Reason=WRONG_PASSWORD
21	2026-02-10 19:25:23.531996	WARN	LOGIN_FAIL	5	miska@gmail.com	Reason=WRONG_PASSWORD
22	2026-02-10 19:25:23.897642	WARN	LOGIN_FAIL	5	miska@gmail.com	Reason=WRONG_PASSWORD
23	2026-02-10 19:25:27.142715	WARN	LOGIN_FAIL	5	miska@gmail.com	Reason=WRONG_PASSWORD
24	2026-02-10 19:25:27.477469	WARN	LOGIN_FAIL	5	miska@gmail.com	Reason=WRONG_PASSWORD
25	2026-02-10 19:25:52.445959	INFO	LOGIN_OK	8	ales@gmail.com	Role=ADMIN
26	2026-02-10 19:28:12.244375	INFO	LOGIN_OK	5	miska@gmail.com	Role=CUSTOMER
27	2026-02-10 19:28:29.665896	INFO	BOOK_ATTEMPT	5	miska@gmail.com	eventId=1 seatId=10 price=25.00 score=2 threshold=3
28	2026-02-10 19:28:30.096292	INFO	BOOK_OK	5	miska@gmail.com	bookingId=19 eventId=1 seatId=10 price=25.00
29	2026-02-10 19:28:53.459408	INFO	PAY_OK	5	\N	bookingId=19
30	2026-02-10 19:31:00.019672	INFO	LOGIN_OK	6	k	Role=CUSTOMER
31	2026-02-10 19:31:15.331807	WARN	LOGIN_FAIL	6	k	Reason=WRONG_PASSWORD
32	2026-02-10 19:31:23.846892	WARN	LOGIN_FAIL	6	k	Reason=WRONG_PASSWORD
33	2026-02-10 19:31:27.183636	WARN	LOGIN_FAIL	6	k	Reason=WRONG_PASSWORD
34	2026-02-10 19:31:28.309008	WARN	LOGIN_FAIL	6	k	Reason=WRONG_PASSWORD
35	2026-02-10 19:31:33.28591	INFO	LOGIN_OK	6	k	Role=CUSTOMER
36	2026-02-10 19:31:39.853971	INFO	BOOK_ATTEMPT	6	k	eventId=2 seatId=3 price=25.00 score=1 threshold=3
37	2026-02-10 19:31:40.150794	INFO	BOOK_OK	6	k	bookingId=20 eventId=2 seatId=3 price=25.00
38	2026-02-10 19:40:40.974414	WARN	LOGIN_FAIL	6	k	Reason=WRONG_PASSWORD
39	2026-02-10 19:40:49.786097	WARN	LOGIN_FAIL	6	k	Reason=WRONG_PASSWORD
40	2026-02-10 19:40:51.890699	WARN	LOGIN_FAIL	6	k	Reason=WRONG_PASSWORD
41	2026-02-10 19:40:55.375907	WARN	LOGIN_FAIL	6	k	Reason=WRONG_PASSWORD
42	2026-02-10 19:40:59.48475	WARN	LOGIN_FAIL	6	k	Reason=WRONG_PASSWORD
43	2026-02-10 19:41:05.128958	INFO	LOGIN_OK	6	k	Role=CUSTOMER
44	2026-02-10 19:41:16.298924	INFO	BOOK_ATTEMPT	6	k	eventId=2 seatId=6 price=25.00 fraudScore=2 fraudReason=LOGIN_FAIL>=3 (8/10m) | LOGIN_FAIL>=7 (8/10m)
45	2026-02-10 19:41:16.602053	INFO	BOOK_OK	6	k	bookingId=21 eventId=2 seatId=6 price=25.00
46	2026-02-10 20:02:34.008418	WARN	LOGIN_FAIL	6	k	Reason=WRONG_PASSWORD
47	2026-02-10 20:02:38.695082	WARN	LOGIN_FAIL	6	k	Reason=WRONG_PASSWORD
48	2026-02-10 20:02:39.488192	WARN	LOGIN_FAIL	6	k	Reason=WRONG_PASSWORD
49	2026-02-10 20:02:42.895707	WARN	LOGIN_FAIL	6	k	Reason=WRONG_PASSWORD
50	2026-02-10 20:02:43.255939	WARN	LOGIN_FAIL	6	k	Reason=WRONG_PASSWORD
51	2026-02-10 20:02:46.822971	WARN	LOGIN_FAIL	6	k	Reason=WRONG_PASSWORD
52	2026-02-10 20:02:47.152697	WARN	LOGIN_FAIL	6	k	Reason=WRONG_PASSWORD
53	2026-02-10 20:02:51.50545	WARN	LOGIN_FAIL	6	k	Reason=WRONG_PASSWORD
54	2026-02-10 20:02:51.834118	WARN	LOGIN_FAIL	6	k	Reason=WRONG_PASSWORD
55	2026-02-10 20:02:52.161003	WARN	LOGIN_FAIL	6	k	Reason=WRONG_PASSWORD
56	2026-02-10 20:02:52.619054	WARN	LOGIN_FAIL	6	k	Reason=WRONG_PASSWORD
57	2026-02-10 20:02:52.944214	WARN	LOGIN_FAIL	6	k	Reason=WRONG_PASSWORD
58	2026-02-10 20:02:55.943269	INFO	LOGIN_OK	6	k	Role=CUSTOMER
59	2026-02-10 20:03:15.541824	INFO	BOOK_ATTEMPT	6	k	eventId=3 seatId=6 price=12.50 score=2
60	2026-02-10 20:03:15.640632	INFO	BOOK_OK	6	k	bookingId=22 eventId=3 seatId=6 price=12.50
61	2026-02-10 20:20:12.153791	WARN	LOGIN_FAIL	6	k	Reason=WRONG_PASSWORD
62	2026-02-10 20:20:15.878308	WARN	LOGIN_FAIL	6	k	Reason=WRONG_PASSWORD
63	2026-02-10 20:20:19.751892	WARN	LOGIN_FAIL	6	k	Reason=WRONG_PASSWORD
64	2026-02-10 20:20:23.394975	WARN	LOGIN_FAIL	6	k	Reason=WRONG_PASSWORD
65	2026-02-10 20:20:26.754122	INFO	LOGIN_OK	6	k	Role=CUSTOMER
66	2026-02-10 20:20:48.53297	WARN	BOOK_BLOCKED	6	k	score=3 reason=LOGIN_FAIL=4 in 10m eventId=3 seatId=7
67	2026-02-10 20:21:58.641693	WARN	BOOK_BLOCKED	6	k	score=3 reason=LOGIN_FAIL=4 in 10m eventId=3 seatId=8
68	2026-02-10 20:22:08.717388	WARN	BOOK_BLOCKED	6	k	score=3 reason=LOGIN_FAIL=4 in 10m eventId=1 seatId=4
69	2026-02-10 20:22:37.454695	INFO	LOGIN_OK	8	ales@gmail.com	Role=ADMIN
70	2026-02-10 20:30:08.799138	INFO	LOGIN_OK	5	miska@gmail.com	Role=CUSTOMER
71	2026-02-10 20:30:32.611169	INFO	BOOK_ATTEMPT	5	miska@gmail.com	eventId=3 seatId=10 price=12.50 score=0
72	2026-02-10 20:30:32.839969	INFO	BOOK_OK	5	miska@gmail.com	bookingId=23 eventId=3 seatId=10 price=12.50
73	2026-02-10 20:30:58.04422	INFO	LOGIN_OK	6	k	Role=CUSTOMER
74	2026-02-10 20:31:09.207581	INFO	BOOK_ATTEMPT	6	k	eventId=3 seatId=2 price=12.50 score=0
75	2026-02-10 20:31:09.330967	INFO	BOOK_OK	6	k	bookingId=24 eventId=3 seatId=2 price=12.50
76	2026-02-10 21:10:09.09442	INFO	LOGIN_OK	8	ales@gmail.com	Role=ADMIN
77	2026-02-10 21:49:14.331871	INFO	LOGIN_OK	8	ales@gmail.com	Role=ADMIN
78	2026-02-10 21:50:25.09264	INFO	LOGIN_OK	5	miska@gmail.com	Role=CUSTOMER
231	2026-02-22 21:52:58.266554	WARN	LOGIN_FAIL	5	miska@gmail.com	Wrong password
79	2026-02-10 21:50:39.275357	INFO	BOOK_ATTEMPT	5	miska@gmail.com	eventId=1 seatId=2 price=25.00 score=0
80	2026-02-10 21:50:39.619256	INFO	BOOK_OK	5	miska@gmail.com	bookingId=25 eventId=1 seatId=2 price=25.00
81	2026-02-10 22:22:17.612494	INFO	LOGIN_OK	8	ales@gmail.com	Role=ADMIN
82	2026-02-10 23:07:45.774526	INFO	LOGIN_OK	5	miska@gmail.com	Role=CUSTOMER
83	2026-02-11 21:17:13.518299	INFO	LOGIN_OK	8	ales@gmail.com	Role=ADMIN
84	2026-02-11 21:45:32.907618	INFO	ADMIN_DELETE_EVENT	8	\N	eventId=8 result=SOFT_DELETED
85	2026-02-11 22:08:59.154634	INFO	LOGIN_OK	5	miska@gmail.com	Role=CUSTOMER
86	2026-02-11 22:26:58.852405	INFO	LOGIN_OK	8	ales@gmail.com	Role=ADMIN
87	2026-02-11 22:36:58.173742	INFO	LOGIN_OK	8	ales@gmail.com	Role=ADMIN
88	2026-02-11 22:38:12.931922	INFO	LOGIN_OK	8	ales@gmail.com	Role=ADMIN
89	2026-02-11 22:42:22.433298	INFO	LOGIN_OK	8	ales@gmail.com	Role=ADMIN
90	2026-02-11 23:38:31.341778	INFO	LOGIN_OK	8	ales@gmail.com	Role=ADMIN
91	2026-02-11 23:44:17.125012	INFO	LOGIN_OK	8	ales@gmail.com	Role=ADMIN
92	2026-02-11 23:50:55.746232	INFO	LOGIN_OK	8	ales@gmail.com	Role=ADMIN
93	2026-02-11 23:56:43.589468	INFO	LOGIN_OK	8	ales@gmail.com	Role=ADMIN
94	2026-02-11 23:57:10.131697	INFO	BOOK_ATTEMPT	8	ales@gmail.com	eventId=14 seatId=5 price=25.00 score=0
95	2026-02-11 23:57:10.364896	INFO	BOOK_OK	8	ales@gmail.com	bookingId=26 eventId=14 seatId=5 price=25.00
96	2026-02-11 23:57:36.27897	INFO	PAY_OK	8	\N	bookingId=26
97	2026-02-12 00:02:04.490658	INFO	REGISTER_OK	9	ok	Role=CUSTOMER
98	2026-02-12 00:02:30.915257	INFO	BOOK_ATTEMPT	9	ok	eventId=1 seatId=8 price=25.00 score=0
99	2026-02-12 00:02:31.132883	INFO	BOOK_OK	9	ok	bookingId=27 eventId=1 seatId=8 price=25.00
100	2026-02-12 00:02:48.037649	INFO	PAY_OK	9	\N	bookingId=27
101	2026-02-12 00:09:07.07765	INFO	LOGIN_OK	8	ales@gmail.com	Role=ADMIN
102	2026-02-12 00:13:23.30963	INFO	LOGIN_OK	9	ok	Role=CUSTOMER
103	2026-02-12 00:16:48.296269	INFO	LOGIN_OK	8	ales@gmail.com	Role=ADMIN
104	2026-02-12 00:19:36.463235	INFO	LOGIN_OK	8	ales@gmail.com	Role=ADMIN
105	2026-02-12 00:24:57.057901	INFO	LOGIN_OK	9	ok	Role=CUSTOMER
106	2026-02-12 00:25:21.366731	INFO	LOGIN_OK	8	ales@gmail.com	Role=ADMIN
107	2026-02-12 00:30:02.465471	INFO	LOGIN_OK	8	ales@gmail.com	Role=ADMIN
108	2026-02-12 00:35:18.99852	INFO	LOGIN_OK	8	ales@gmail.com	Role=ADMIN
109	2026-02-12 00:39:31.639862	INFO	LOGIN_OK	8	ales@gmail.com	Role=ADMIN
110	2026-02-12 00:45:57.184121	INFO	LOGIN_OK	8	ales@gmail.com	Role=ADMIN
111	2026-02-12 00:47:50.609731	WARN	LOGIN_FAIL	8	ales@gmail.com	Reason=WRONG_PASSWORD
112	2026-02-12 00:47:55.927242	INFO	LOGIN_OK	8	ales@gmail.com	Role=ADMIN
113	2026-02-12 00:53:15.428012	INFO	LOGIN_OK	8	ales@gmail.com	Role=ADMIN
114	2026-02-12 00:54:41.012344	INFO	LOGIN_OK	8	ales@gmail.com	Role=ADMIN
115	2026-02-12 00:56:08.873723	INFO	LOGIN_OK	8	ales@gmail.com	Role=ADMIN
116	2026-02-12 01:01:57.089323	INFO	LOGIN_OK	8	ales@gmail.com	Role=ADMIN
117	2026-02-12 01:05:08.209656	INFO	LOGIN_OK	8	ales@gmail.com	Role=ADMIN
118	2026-02-12 01:11:05.047866	INFO	LOGIN_OK	8	ales@gmail.com	Role=ADMIN
119	2026-02-12 01:17:02.342138	INFO	LOGIN_OK	8	ales@gmail.com	Role=ADMIN
120	2026-02-12 01:28:28.720037	INFO	LOGIN_OK	8	ales@gmail.com	Role=ADMIN
121	2026-02-12 01:41:10.029721	INFO	LOGIN_OK	8	ales@gmail.com	Role=ADMIN
122	2026-02-12 01:49:37.688452	INFO	LOGIN_OK	8	ales@gmail.com	Role=ADMIN
123	2026-02-12 01:54:45.313707	INFO	LOGIN_OK	8	ales@gmail.com	Role=ADMIN
124	2026-02-12 01:57:16.60413	INFO	LOGIN_OK	8	ales@gmail.com	Role=ADMIN
125	2026-02-12 01:58:40.315118	INFO	LOGIN_OK	8	ales@gmail.com	Role=ADMIN
126	2026-02-12 02:05:33.494221	INFO	LOGIN_OK	8	ales@gmail.com	Role=ADMIN
127	2026-02-12 02:09:22.788142	INFO	LOGIN_OK	8	ales@gmail.com	Role=ADMIN
128	2026-02-12 02:13:20.268773	INFO	LOGIN_OK	8	ales@gmail.com	Role=ADMIN
129	2026-02-12 02:17:40.074836	INFO	LOGIN_OK	8	ales@gmail.com	Role=ADMIN
130	2026-02-12 02:20:02.699518	INFO	LOGIN_OK	8	ales@gmail.com	Role=ADMIN
131	2026-02-12 02:23:05.106685	INFO	LOGIN_OK	8	ales@gmail.com	Role=ADMIN
132	2026-02-12 02:29:10.104729	INFO	LOGIN_OK	8	ales@gmail.com	Role=ADMIN
133	2026-02-12 02:38:31.549893	INFO	BOOK_ATTEMPT	9	ok	eventId=7 seatId=11 price=25.00 score=0
134	2026-02-12 02:38:31.64149	INFO	BOOK_OK	9	ok	bookingId=28 eventId=7 seatId=11 price=25.00
135	2026-02-12 02:38:33.424316	INFO	BOOK_ATTEMPT	9	ok	eventId=7 seatId=10 price=25.00 score=0
136	2026-02-12 02:38:33.62041	INFO	BOOK_OK	9	ok	bookingId=29 eventId=7 seatId=10 price=25.00
137	2026-02-12 02:38:37.207437	INFO	BOOK_ATTEMPT	9	ok	eventId=7 seatId=9 price=25.00 score=0
138	2026-02-12 02:38:37.296289	INFO	BOOK_OK	9	ok	bookingId=30 eventId=7 seatId=9 price=25.00
139	2026-02-12 02:38:39.333309	INFO	BOOK_ATTEMPT	9	ok	eventId=7 seatId=8 price=25.00 score=2
140	2026-02-12 02:38:39.421584	INFO	BOOK_OK	9	ok	bookingId=31 eventId=7 seatId=8 price=25.00
141	2026-02-12 02:38:41.933944	INFO	BOOK_ATTEMPT	9	ok	eventId=7 seatId=7 price=25.00 score=2
142	2026-02-12 02:38:42.033723	INFO	BOOK_OK	9	ok	bookingId=32 eventId=7 seatId=7 price=25.00
143	2026-02-12 02:38:44.413188	INFO	BOOK_ATTEMPT	9	ok	eventId=7 seatId=6 price=25.00 score=2
144	2026-02-12 02:38:44.50222	INFO	BOOK_OK	9	ok	bookingId=33 eventId=7 seatId=6 price=25.00
145	2026-02-12 02:38:46.701415	INFO	BOOK_ATTEMPT	9	ok	eventId=7 seatId=5 price=25.00 score=2
146	2026-02-12 02:38:46.794683	INFO	BOOK_OK	9	ok	bookingId=34 eventId=7 seatId=5 price=25.00
147	2026-02-12 02:38:49.444423	INFO	BOOK_ATTEMPT	9	ok	eventId=7 seatId=4 price=25.00 score=2
148	2026-02-12 02:38:49.531489	INFO	BOOK_OK	9	ok	bookingId=35 eventId=7 seatId=4 price=25.00
149	2026-02-12 05:22:04.792642	INFO	BOOK_ATTEMPT	9	ok	eventId=13 seatId=8 price=25.00 score=0
150	2026-02-12 05:22:04.890382	INFO	BOOK_OK	9	ok	bookingId=36 eventId=13 seatId=8 price=25.00
151	2026-02-12 05:22:06.969074	INFO	BOOK_ATTEMPT	9	ok	eventId=13 seatId=9 price=25.00 score=0
152	2026-02-12 05:22:07.182973	INFO	BOOK_OK	9	ok	bookingId=37 eventId=13 seatId=9 price=25.00
153	2026-02-12 05:22:47.685075	INFO	BOOK_ATTEMPT	9	ok	eventId=15 seatId=12 price=25.00 score=0
311	2026-02-24 03:01:35.841732	INFO	BOOK_OK	6	k	Booked seatId=1
154	2026-02-12 05:22:47.774948	INFO	BOOK_OK	9	ok	bookingId=38 eventId=15 seatId=12 price=25.00
155	2026-02-12 05:23:24.230477	INFO	PAY_OK	9	\N	bookingId=38
156	2026-02-12 12:19:21.234761	INFO	BOOK_ATTEMPT	9	ok	eventId=11 seatId=11 price=25.00 score=0
157	2026-02-12 12:19:21.527255	INFO	BOOK_OK	9	ok	bookingId=39 eventId=11 seatId=11 price=25.00
158	2026-02-12 12:20:02.514901	INFO	BOOK_ATTEMPT	9	ok	eventId=11 seatId=12 price=25.00 score=0
159	2026-02-12 12:20:02.723532	INFO	BOOK_OK	9	ok	bookingId=40 eventId=11 seatId=12 price=25.00
160	2026-02-13 11:41:39.708478	INFO	BOOK_ATTEMPT	8	ales@gmail.com	eventId=21 seatId=13 price=25.00 score=0
161	2026-02-13 11:41:39.957094	INFO	BOOK_OK	8	ales@gmail.com	bookingId=41 eventId=21 seatId=13 price=25.00
162	2026-02-13 12:28:54.52421	INFO	BOOK_ATTEMPT	8	ales@gmail.com	eventId=13 seatId=5 price=25.00 score=0
163	2026-02-13 12:28:54.639541	INFO	BOOK_OK	8	ales@gmail.com	bookingId=42 eventId=13 seatId=5 price=25.00
164	2026-02-13 13:23:41.980417	INFO	LOGIN_OK	8	ales@gmail.com	Login successful
165	2026-02-13 13:24:34.683645	WARN	LOGIN_FAIL	9	ok	Wrong password
166	2026-02-13 13:24:35.101791	WARN	LOGIN_FAIL	9	ok	Wrong password
167	2026-02-13 13:24:38.575548	WARN	LOGIN_FAIL	9	ok	Wrong password
168	2026-02-13 13:24:41.973449	WARN	LOGIN_FAIL	9	ok	Wrong password
169	2026-02-13 13:24:42.417122	WARN	LOGIN_FAIL	9	ok	Wrong password
170	2026-02-13 13:24:45.446724	WARN	LOGIN_FAIL	9	ok	Wrong password
171	2026-02-13 13:24:49.436122	WARN	LOGIN_FAIL	9	ok	Wrong password
172	2026-02-13 13:24:53.347504	INFO	LOGIN_OK	9	ok	Login successful
173	2026-02-13 13:24:53.574942	WARN	SECURITY_BLOCK	9	ok	Blocked bookings/payments due to repeated login failures (fails=7, window=60m)
174	2026-02-13 13:25:33.583218	INFO	LOGIN_OK	8	ales@gmail.com	Login successful
175	2026-02-13 15:33:06.412568	INFO	LOGIN_OK	8	ales@gmail.com	Login successful
176	2026-02-13 15:33:32.745432	INFO	LOGIN_OK	5	miska@gmail.com	Login successful
177	2026-02-13 15:34:14.962525	INFO	BOOK_ATTEMPT	5	miska@gmail.com	eventId=7 seatId=12 price=25.00 score=0
178	2026-02-13 15:34:15.195552	INFO	BOOK_OK	5	miska@gmail.com	bookingId=43 eventId=7 seatId=12 price=25.00
179	2026-02-13 15:35:12.256708	INFO	BOOK_ATTEMPT	5	miska@gmail.com	eventId=6 seatId=33 price=25.00 score=0
180	2026-02-13 15:35:12.463875	INFO	BOOK_OK	5	miska@gmail.com	bookingId=44 eventId=6 seatId=33 price=25.00
181	2026-02-13 15:35:23.684721	INFO	PAY_OK	5	\N	bookingId=44
182	2026-02-13 15:35:55.969985	INFO	CANCEL_OK	5	\N	bookingId=43
183	2026-02-13 15:36:31.571615	WARN	LOGIN_FAIL	9	ok	Wrong password
184	2026-02-13 15:36:34.803177	WARN	LOGIN_FAIL	9	ok	Wrong password
185	2026-02-13 15:36:38.224464	WARN	LOGIN_FAIL	9	ok	Wrong password
186	2026-02-13 15:36:43.179137	INFO	LOGIN_OK	9	ok	Login successful
187	2026-02-13 15:36:43.257798	WARN	SECURITY_BLOCK	9	ok	Blocked bookings/payments due to repeated login failures (fails=3, window=60m)
188	2026-02-13 15:37:15.722605	INFO	LOGIN_OK	8	ales@gmail.com	Login successful
189	2026-02-13 15:52:52.98911	INFO	REGISTER	10	klevi@gmail.com	User registered
190	2026-02-13 15:58:52.306063	INFO	LOGIN_OK	8	ales@gmail.com	Login successful
191	2026-02-13 16:23:20.871039	INFO	LOGIN_OK	5	miska@gmail.com	Login successful
192	2026-02-13 16:25:21.781005	INFO	BOOK_ATTEMPT	5	miska@gmail.com	eventId=1 seatId=6 price=25.00 score=0
193	2026-02-13 16:25:21.887968	INFO	BOOK_OK	5	miska@gmail.com	bookingId=45 eventId=1 seatId=6 price=25.00
194	2026-02-13 16:26:00.68829	INFO	LOGIN_OK	8	ales@gmail.com	Login successful
195	2026-02-13 16:29:25.4049	WARN	LOGIN_FAIL	9	ok	Wrong password
196	2026-02-13 16:29:28.080642	WARN	LOGIN_FAIL	9	ok	Wrong password
197	2026-02-13 16:29:28.5337	WARN	LOGIN_FAIL	9	ok	Wrong password
198	2026-02-13 16:29:28.870386	WARN	LOGIN_FAIL	9	ok	Wrong password
199	2026-02-13 16:29:29.314214	WARN	LOGIN_FAIL	9	ok	Wrong password
200	2026-02-13 16:29:29.658246	WARN	LOGIN_FAIL	9	ok	Wrong password
201	2026-02-13 16:29:30.113264	WARN	LOGIN_FAIL	9	ok	Wrong password
202	2026-02-13 16:29:32.576874	WARN	LOGIN_FAIL	9	ok	Wrong password
203	2026-02-13 16:29:32.91824	WARN	LOGIN_FAIL	9	ok	Wrong password
204	2026-02-13 16:29:33.366746	WARN	LOGIN_FAIL	9	ok	Wrong password
205	2026-02-13 16:29:39.011828	INFO	LOGIN_OK	9	ok	Login successful
206	2026-02-13 16:29:39.095616	WARN	SECURITY_BLOCK	9	ok	Blocked bookings/payments due to repeated login failures (fails=13, window=60m)
207	2026-02-13 17:29:40.851775	INFO	LOGIN_OK	8	ales@gmail.com	Login successful
208	2026-02-13 17:35:11.814185	INFO	LOGIN_OK	8	ales@gmail.com	Login successful
209	2026-02-13 17:52:13.685068	INFO	LOGIN_OK	5	miska@gmail.com	Login successful
210	2026-02-13 17:53:12.377371	INFO	BOOK_ATTEMPT	5	miska@gmail.com	eventId=11 seatId=13 price=25.00 score=0
211	2026-02-13 17:53:12.488094	INFO	BOOK_OK	5	miska@gmail.com	bookingId=46 eventId=11 seatId=13 price=25.00
212	2026-02-13 17:54:05.448435	INFO	PAY_OK	5	\N	bookingId=45
213	2026-02-13 17:54:44.209799	INFO	LOGIN_OK	8	ales@gmail.com	Login successful
214	2026-02-13 17:56:35.558508	WARN	LOGIN_FAIL	9	ok	Wrong password
215	2026-02-13 17:56:40.599327	WARN	LOGIN_FAIL	9	ok	Wrong password
216	2026-02-13 17:56:42.997224	WARN	LOGIN_FAIL	9	ok	Wrong password
217	2026-02-13 17:56:43.33927	WARN	LOGIN_FAIL	9	ok	Wrong password
218	2026-02-13 17:56:46.694662	INFO	LOGIN_OK	9	ok	Login successful
219	2026-02-13 17:56:46.776126	WARN	SECURITY_BLOCK	9	ok	Blocked bookings/payments due to repeated login failures (fails=4, window=60m)
220	2026-02-22 20:01:36.605893	INFO	LOGIN_OK	8	ales@gmail.com	Login successful
221	2026-02-22 20:03:55.334068	INFO	LOGIN_OK	9	ok	Login successful
222	2026-02-22 20:04:05.330978	INFO	BOOK_OK	9	ok	bookingId=47
223	2026-02-22 20:28:30.102447	INFO	LOGIN_OK	8	ales@gmail.com	Login successful
224	2026-02-22 20:28:38.24369	INFO	BOOK_OK	8	ales@gmail.com	bookingId=48
225	2026-02-22 20:47:23.602974	INFO	LOGIN_OK	8	ales@gmail.com	Login successful
226	2026-02-22 20:47:47.795505	INFO	PAY_OK	8	\N	bookingId=41
227	2026-02-22 20:52:10.578941	INFO	LOGIN_OK	8	ales@gmail.com	Login successful
228	2026-02-22 20:59:45.704874	INFO	LOGIN_OK	8	ales@gmail.com	Login successful
229	2026-02-22 21:19:47.21116	INFO	LOGIN_OK	8	ales@gmail.com	Login successful
230	2026-02-22 21:38:25.099095	INFO	PAY_OK	8	\N	bookingId=42
232	2026-02-22 21:53:16.889126	INFO	LOGIN_OK	5	miska@gmail.com	Login successful
233	2026-02-22 21:55:55.110013	INFO	PAY_OK	5	\N	bookingId=23
234	2026-02-22 22:01:30.510044	INFO	LOGIN_OK	8	ales@gmail.com	Login successful
235	2026-02-22 22:01:40.049554	INFO	BOOK_ATTEMPT	8	ales@gmail.com	eventId=11 seatId=6 price=25.00
236	2026-02-22 22:01:40.146503	INFO	BOOK_OK	8	ales@gmail.com	bookingId=49
237	2026-02-22 22:03:42.598291	INFO	LOGIN_OK	8	ales@gmail.com	Login successful
238	2026-02-22 22:04:06.045152	INFO	BOOK_ATTEMPT	8	ales@gmail.com	eventId=11 seatId=7 price=25.00
239	2026-02-22 22:04:06.141951	INFO	BOOK_OK	8	ales@gmail.com	bookingId=50
240	2026-02-22 22:04:52.013733	INFO	PAY_OK	8	\N	bookingId=49
241	2026-02-22 22:13:40.690463	INFO	LOGIN_OK	8	ales@gmail.com	Login successful
242	2026-02-22 22:22:41.561358	INFO	LOGIN_OK	8	ales@gmail.com	Login successful
243	2026-02-22 22:23:28.129002	INFO	PAY_OK	8	\N	bookingId=50
244	2026-02-22 22:37:21.656907	INFO	LOGIN_OK	8	ales@gmail.com	Login successful
245	2026-02-22 22:37:53.771235	INFO	BOOK_ATTEMPT	8	ales@gmail.com	eventId=23 seatId=3 price=25.00
246	2026-02-22 22:37:53.863957	INFO	BOOK_OK	8	ales@gmail.com	bookingId=51
247	2026-02-22 22:50:34.228242	INFO	LOGIN_OK	8	ales@gmail.com	Login successful
248	2026-02-22 22:55:20.961062	INFO	LOGIN_OK	8	ales@gmail.com	Login successful
249	2026-02-22 23:00:03.456372	INFO	LOGIN_OK	8	ales@gmail.com	Login successful
250	2026-02-22 23:08:17.624801	INFO	LOGIN_OK	8	ales@gmail.com	Login successful
251	2026-02-22 23:09:42.838134	INFO	LOGIN_OK	8	ales@gmail.com	Login successful
252	2026-02-22 23:13:07.825208	INFO	LOGIN_OK	8	ales@gmail.com	Login successful
253	2026-02-23 16:54:55.863288	INFO	LOGIN_OK	8	ales@gmail.com	Login successful
254	2026-02-23 22:44:08.514391	INFO	LOGIN_OK	8	ales@gmail.com	Login successful
255	2026-02-23 22:44:16.575622	INFO	BOOK_OK	8	ales@gmail.com	bookingId=54
256	2026-02-23 22:45:09.546008	INFO	LOGIN_OK	5	miska@gmail.com	Login successful
257	2026-02-23 22:46:36.699519	INFO	LOGIN_OK	8	ales@gmail.com	Login successful
258	2026-02-23 22:47:25.767084	WARN	PAY_FAIL	8	\N	bookingId=54 Reason=HOLD_EXPIRED_OR_NOT_OWNED
259	2026-02-23 22:47:25.808648	ERROR	PAY_ERROR	8	\N	msg=Seat hold expired (or not yours).
260	2026-02-23 22:48:57.175235	WARN	PAY_FAIL	8	\N	bookingId=53 Reason=HOLD_EXPIRED_OR_NOT_OWNED
261	2026-02-23 22:48:57.225325	ERROR	PAY_ERROR	8	\N	msg=Seat hold expired (or not yours).
262	2026-02-23 22:49:32.37241	WARN	PAY_FAIL	8	\N	bookingId=53 Reason=HOLD_EXPIRED_OR_NOT_OWNED
263	2026-02-23 22:49:32.417004	ERROR	PAY_ERROR	8	\N	msg=Seat hold expired (or not yours).
264	2026-02-23 22:50:08.397979	WARN	PAY_FAIL	8	\N	bookingId=54 Reason=HOLD_EXPIRED_OR_NOT_OWNED
265	2026-02-23 22:50:08.573177	ERROR	PAY_ERROR	8	\N	msg=Seat hold expired (or not yours).
266	2026-02-23 22:51:36.131652	INFO	BOOK_OK	8	ales@gmail.com	bookingId=55
267	2026-02-23 22:51:59.184277	INFO	PAY_OK	8	\N	bookingId=55
268	2026-02-23 23:11:28.296781	INFO	LOGIN_OK	8	ales@gmail.com	Login successful
269	2026-02-23 23:27:00.515656	INFO	LOGIN_OK	8	ales@gmail.com	Login successful
270	2026-02-23 23:30:00.080436	INFO	LOGIN_OK	5	miska@gmail.com	Login successful
271	2026-02-23 23:30:48.145135	INFO	LOGIN_OK	8	ales@gmail.com	Login successful
272	2026-02-23 23:42:52.61183	INFO	LOGIN_OK	8	ales@gmail.com	Login successful
273	2026-02-23 23:49:59.504134	INFO	LOGIN_OK	8	ales@gmail.com	Login successful
274	2026-02-23 23:53:59.963946	INFO	LOGIN_OK	8	ales@gmail.com	Login successful
275	2026-02-24 00:22:51.863488	INFO	LOGIN_OK	8	ales@gmail.com	Login successful
276	2026-02-24 00:32:43.500233	INFO	LOGIN_OK	8	ales@gmail.com	Login successful
277	2026-02-24 00:44:41.546437	INFO	LOGIN_OK	8	ales@gmail.com	Login successful
278	2026-02-24 00:44:50.030926	INFO	BOOK_OK	8	ales@gmail.com	bookingId=65
279	2026-02-24 00:45:16.711505	INFO	BOOK_OK	8	ales@gmail.com	bookingId=66
280	2026-02-24 00:50:17.31313	INFO	LOGIN_OK	8	ales@gmail.com	Login successful
281	2026-02-24 00:56:56.174173	INFO	LOGIN_OK	8	ales@gmail.com	Login successful
282	2026-02-24 01:01:52.083684	INFO	LOGIN_OK	8	ales@gmail.com	Login successful
283	2026-02-24 01:08:41.348457	INFO	LOGIN_OK	8	ales@gmail.com	Login successful
284	2026-02-24 01:14:04.552523	INFO	LOGIN_OK	8	ales@gmail.com	Login successful
285	2026-02-24 01:21:12.453062	INFO	LOGIN_OK	8	ales@gmail.com	Login successful
286	2026-02-24 01:31:03.211102	WARN	LOGIN_FAIL	8	ales@gmail.com	Wrong password
287	2026-02-24 01:31:11.945304	INFO	LOGIN_OK	8	ales@gmail.com	Login successful
288	2026-02-24 01:56:35.567505	INFO	LOGIN_OK	8	ales@gmail.com	Login successful
289	2026-02-24 01:57:58.318286	WARN	ADMIN_DELETE_EVENT	8	\N	eventId=5 note=ALREADY_DELETED_OR_NOT_FOUND
290	2026-02-24 01:59:30.265207	INFO	LOGIN_OK	5	miska@gmail.com	Login successful
291	2026-02-24 02:00:35.525203	INFO	LOGIN_OK	8	ales@gmail.com	Login successful
292	2026-02-24 02:01:18.258786	INFO	LOGIN_OK	5	miska@gmail.com	Login successful
293	2026-02-24 02:01:29.782827	INFO	LOGIN_OK	5	miska@gmail.com	Login successful
294	2026-02-24 02:02:54.419488	WARN	LOGIN_FAIL	9	ok	Wrong password
295	2026-02-24 02:02:56.426591	WARN	LOGIN_FAIL	9	ok	Wrong password
296	2026-02-24 02:02:57.379944	WARN	LOGIN_FAIL	9	ok	Wrong password
297	2026-02-24 02:02:58.424755	WARN	LOGIN_FAIL	9	ok	Wrong password
298	2026-02-24 02:02:59.453629	WARN	LOGIN_FAIL	9	ok	Wrong password
299	2026-02-24 02:03:03.302898	INFO	LOGIN_OK	9	ok	Login successful
300	2026-02-24 02:03:03.388804	WARN	SECURITY_BLOCK	9	ok	Blocked bookings/payments due to repeated login failures (fails=5, window=60m)
301	2026-02-24 02:03:55.949976	INFO	LOGIN_OK	8	ales@gmail.com	Login successful
302	2026-02-24 02:10:05.083502	INFO	LOGIN_OK	8	ales@gmail.com	Login successful
303	2026-02-24 02:52:09.953379	INFO	LOGIN_OK	8	ales@gmail.com	Login successful
304	2026-02-24 02:52:48.382029	INFO	LOGIN_OK	9	ok	Login successful
305	2026-02-24 02:52:48.617397	WARN	SECURITY_BLOCK	9	ok	Blocked bookings/payments due to repeated login failures (fails=5, window=60m)
306	2026-02-24 02:54:05.122396	INFO	LOGIN_OK	6	k	Login successful
307	2026-02-24 02:54:19.205058	INFO	BOOK_OK	6	k	Booked seatId=1
308	2026-02-24 02:57:42.810042	INFO	BOOK_EXPIRED_SEAT_1	6	\N	Seat expired seatId=1
309	2026-02-24 02:58:03.772243	INFO	BOOK_OK	6	k	Booked seatId=1
310	2026-02-24 03:01:29.333162	INFO	BOOK_EXPIRED_SEAT_1	6	\N	Seat expired seatId=1
312	2026-02-24 03:05:24.358316	INFO	BOOK_EXPIRED_SEAT_1	6	\N	Seat expired seatId=1
313	2026-02-24 03:05:27.160882	WARN	BOOK_BLOCKED	6	k	Seat permanently blocked seatId=1
314	2026-02-24 03:07:44.600106	WARN	BOOK_BLOCKED	6	k	Seat permanently blocked seatId=1
315	2026-02-24 03:07:52.643384	WARN	BOOK_BLOCKED	6	k	Seat permanently blocked seatId=1
316	2026-02-24 03:07:58.885785	WARN	BOOK_BLOCKED	6	k	Seat permanently blocked seatId=1
317	2026-02-24 03:08:44.451847	INFO	LOGIN_OK	8	ales@gmail.com	Login successful
318	2026-02-24 03:21:46.824694	INFO	BOOK_OK	8	ales@gmail.com	Booked seatId=4
319	2026-02-24 03:24:36.505625	INFO	BOOK_EXPIRED_SEAT_4	8	\N	Seat expired seatId=4
320	2026-02-24 03:25:42.47381	INFO	BOOK_OK	8	ales@gmail.com	Booked seatId=4
321	2026-02-24 03:31:58.373141	INFO	BOOK_EXPIRED_SEAT_4	8	\N	Seat expired seatId=4
322	2026-02-24 03:36:07.613136	INFO	LOGIN_OK	6	k	Login successful
323	2026-02-24 03:36:11.494514	INFO	BOOK_OK	6	k	Booked seatId=3
324	2026-02-24 03:38:00.557535	INFO	BOOK_OK	6	k	Booked seatId=3
325	2026-02-24 03:38:50.125447	INFO	BOOK_OK	6	k	Booked seatId=2
326	2026-02-24 03:38:50.20063	INFO	BOOK_EXPIRED_SEAT_3	6	\N	Seat expired seatId=3
327	2026-02-24 03:38:53.388074	WARN	BOOK_BLOCKED	6	k	Seat permanently blocked seatId=1
328	2026-02-24 03:39:11.668366	WARN	BOOK_BLOCKED	6	k	Seat permanently blocked seatId=1
329	2026-02-24 03:45:50.817271	INFO	LOGIN_OK	8	ales@gmail.com	Login successful
330	2026-02-24 03:50:12.648934	INFO	LOGIN_OK	9	ok	Login successful
331	2026-02-24 03:50:14.728535	INFO	BOOK_EXPIRED_SEAT_3	6	\N	Seat expired seatId=3
332	2026-02-24 03:50:14.772345	INFO	BOOK_EXPIRED_SEAT_2	6	\N	Seat expired seatId=2
333	2026-02-24 03:50:17.919359	INFO	BOOK_OK	9	ok	Booked seatId=3
334	2026-02-24 03:59:09.362113	WARN	LOGIN_FAIL	\N	reks@gmail.com	User not found
335	2026-02-24 03:59:11.308143	INFO	REGISTER	11	reks@gmail.com	User registered
336	2026-02-24 04:05:11.270791	INFO	LOGIN_OK	8	ales@gmail.com	Login successful
337	2026-02-24 04:09:01.345257	INFO	LOGIN_OK	8	ales@gmail.com	Login successful
338	2026-02-24 04:22:09.912229	INFO	LOGIN_OK	8	ales@gmail.com	Login successful
339	2026-02-24 04:24:56.498282	WARN	LOGIN_FAIL	6	k	Wrong password
340	2026-02-24 04:24:59.010765	WARN	LOGIN_FAIL	6	k	Wrong password
341	2026-02-24 04:24:59.940355	WARN	LOGIN_FAIL	6	k	Wrong password
342	2026-02-24 04:25:00.878878	WARN	LOGIN_FAIL	6	k	Wrong password
343	2026-02-24 04:25:01.776683	WARN	LOGIN_FAIL	6	k	Wrong password
344	2026-02-24 04:25:06.117825	INFO	LOGIN_OK	6	k	Login successful
345	2026-02-24 04:25:06.201786	WARN	SECURITY_BLOCK	6	k	Blocked bookings/payments due to repeated login failures (fails=5, window=60m)
346	2026-02-24 04:25:09.578917	INFO	BOOK_EXPIRED_SEAT_3	9	\N	Seat expired seatId=3
347	2026-02-24 04:25:25.187781	INFO	LOGIN_OK	8	ales@gmail.com	Login successful
348	2026-02-24 04:31:57.877756	INFO	LOGIN_OK	8	ales@gmail.com	Login successful
349	2026-02-24 04:38:41.39974	INFO	LOGIN_OK	8	ales@gmail.com	Login successful
350	2026-02-24 04:50:55.495454	INFO	LOGIN_OK	8	ales@gmail.com	Login successful
351	2026-02-24 04:51:15.765007	INFO	BOOK_OK	8	ales@gmail.com	Booked seatId=3
352	2026-02-24 04:59:19.084562	WARN	LOGIN_FAIL	\N	ales@gmail,com	User not found
353	2026-02-24 04:59:25.922338	INFO	LOGIN_OK	8	ales@gmail.com	Login successful
354	2026-02-24 05:00:40.296798	INFO	BOOK_OK	8	ales@gmail.com	Booked seatId=1
355	2026-02-24 05:08:05.083799	INFO	LOGIN_OK	8	ales@gmail.com	Login successful
356	2026-02-24 05:09:08.206864	INFO	LOGIN_OK	6	k	Login successful
357	2026-02-24 05:09:08.439989	WARN	SECURITY_BLOCK	6	k	Blocked bookings/payments due to repeated login failures (fails=5, window=60m)
358	2026-02-24 05:09:35.0231	INFO	LOGIN_OK	9	ok	Login successful
359	2026-02-24 05:09:43.890639	INFO	BOOK_EXPIRED_SEAT_1	8	\N	Seat expired seatId=1
360	2026-02-24 05:09:47.299207	INFO	BOOK_OK	9	ok	Booked seatId=2
361	2026-02-24 05:15:26.740252	INFO	LOGIN_OK	9	ok	Login successful
362	2026-02-24 05:22:11.495691	INFO	BOOK_EXPIRED_SEAT_2	9	\N	Seat expired seatId=2
363	2026-02-24 05:23:29.219664	INFO	LOGIN_OK	9	ok	Login successful
364	2026-02-24 05:24:24.271577	INFO	BOOK_OK	9	ok	Booked seatId=4
365	2026-02-24 05:26:55.550527	INFO	BOOK_OK	9	ok	Booked seatId=3
366	2026-02-24 05:32:32.367369	INFO	BOOK_EXPIRED_SEAT_3	9	\N	Seat expired seatId=3
367	2026-02-24 05:34:54.832573	INFO	LOGIN_OK	9	ok	Login successful
368	2026-02-24 05:36:07.075606	INFO	LOGIN_OK	9	ok	Login successful
369	2026-02-24 05:41:31.416314	INFO	LOGIN_OK	8	ales@gmail.com	Login successful
370	2026-02-24 05:43:35.841573	INFO	LOGIN_OK	8	ales@gmail.com	Login successful
371	2026-02-24 05:46:10.570888	INFO	LOGIN_OK	8	ales@gmail.com	Login successful
372	2026-02-24 05:48:30.147648	INFO	BOOK_OK	8	ales@gmail.com	Booked seatId=2
373	2026-02-24 05:50:33.072481	INFO	LOGIN_OK	9	ok	Login successful
374	2026-02-24 05:51:47.2944	INFO	LOGIN_OK	9	ok	Login successful
375	2026-02-24 05:54:22.088585	INFO	LOGIN_OK	8	ales@gmail.com	Login successful
376	2026-02-24 05:57:07.323946	INFO	LOGIN_OK	8	ales@gmail.com	Login successful
377	2026-02-24 06:05:00.278026	INFO	LOGIN_OK	8	ales@gmail.com	Login successful
378	2026-02-24 06:05:59.277491	INFO	LOGIN_OK	8	ales@gmail.com	Login successful
379	2026-02-24 06:29:46.993585	INFO	LOGIN_OK	8	ales@gmail.com	Login successful
380	2026-02-24 15:21:29.540094	INFO	LOGIN_OK	8	ales@gmail.com	Login successful
381	2026-02-24 16:09:59.858118	INFO	LOGIN_OK	8	ales@gmail.com	Login successful
382	2026-02-24 16:15:55.619582	WARN	LOGIN_FAIL	\N	tjola@gmail.com	User not found
383	2026-02-24 16:18:24.945321	INFO	REGISTER	12	tjola@gmail.com	User registered
384	2026-02-24 16:19:14.419012	WARN	LOGIN_FAIL	\N	tjola	User not found
385	2026-02-24 16:19:38.379325	WARN	LOGIN_FAIL	12	tjola@gmail.com	Wrong password
386	2026-02-24 16:20:24.541522	WARN	LOGIN_FAIL	12	tjola@gmail.com	Wrong password
387	2026-02-24 16:20:30.390098	INFO	LOGIN_OK	12	tjola@gmail.com	Login successful
388	2026-02-24 16:20:30.476203	WARN	SECURITY_BLOCK	12	tjola@gmail.com	Blocked bookings/payments due to repeated login failures (fails=3, window=60m)
389	2026-02-24 16:30:51.986751	INFO	LOGIN_OK	8	ales@gmail.com	Login successful
390	2026-02-24 16:34:35.512175	INFO	BOOK_OK	8	ales@gmail.com	Booked seatId=4
391	2026-02-24 16:40:15.245739	INFO	BOOK_OK	8	ales@gmail.com	Booked seatId=3
392	2026-02-24 16:42:57.27563	INFO	ADMIN_CREATE_EVENT	8	ales@gmail.com	eventId=26 venueId=1 title=Cyber Night Tirana
393	2026-02-24 16:45:42.855351	INFO	ADMIN_DELETE_EVENT	8	\N	eventId=26 result=SOFT_DELETED
394	2026-02-24 16:46:19.558163	WARN	ADMIN_DELETE_EVENT	8	\N	eventId=26 note=ALREADY_DELETED_OR_NOT_FOUND
395	2026-02-24 16:51:27.616382	INFO	ADMIN_CREATE_EVENT	8	ales@gmail.com	eventId=27 venueId=1 title=Cyber Night Tirana
396	2026-02-24 16:55:37.298585	INFO	BOOK_OK	8	ales@gmail.com	Booked seatId=21
397	2026-02-24 16:58:23.06755	INFO	BOOK_OK	8	ales@gmail.com	Booked seatId=22
398	2026-02-24 17:43:15.355371	WARN	LOGIN_FAIL	9	ok	Wrong password
399	2026-02-24 17:43:16.679714	WARN	LOGIN_FAIL	9	ok	Wrong password
400	2026-02-24 17:43:17.104236	WARN	LOGIN_FAIL	9	ok	Wrong password
401	2026-02-24 17:43:17.494177	WARN	LOGIN_FAIL	9	ok	Wrong password
402	2026-02-24 17:43:17.962738	WARN	LOGIN_FAIL	9	ok	Wrong password
403	2026-02-24 17:43:18.420401	WARN	LOGIN_FAIL	9	ok	Wrong password
404	2026-02-24 17:43:18.882322	WARN	LOGIN_FAIL	9	ok	Wrong password
405	2026-02-24 17:43:19.556276	WARN	LOGIN_FAIL	9	ok	Wrong password
406	2026-02-24 17:43:20.026945	WARN	LOGIN_FAIL	9	ok	Wrong password
407	2026-02-24 17:43:23.311676	INFO	LOGIN_OK	9	ok	Login successful
408	2026-02-24 17:43:23.395169	WARN	SECURITY_BLOCK	9	ok	Blocked bookings/payments due to repeated login failures (fails=9, window=60m)
409	2026-02-24 17:44:21.06658	INFO	LOGIN_OK	9	ok	Login successful
410	2026-02-24 17:44:21.255334	WARN	SECURITY_BLOCK	9	ok	Blocked bookings/payments due to repeated login failures (fails=9, window=60m)
411	2026-02-24 17:44:43.044268	INFO	LOGIN_OK	8	ales@gmail.com	Login successful
412	2026-02-24 17:45:39.934103	WARN	LOGIN_FAIL	6	k	Wrong password
413	2026-02-24 17:45:41.075823	WARN	LOGIN_FAIL	6	k	Wrong password
414	2026-02-24 17:45:42.093685	WARN	LOGIN_FAIL	6	k	Wrong password
415	2026-02-24 17:45:46.550852	INFO	LOGIN_OK	6	k	Login successful
416	2026-02-24 17:45:46.631446	WARN	SECURITY_BLOCK	6	k	Blocked bookings/payments due to repeated login failures (fails=3, window=60m)
417	2026-02-24 17:46:09.592168	INFO	LOGIN_OK	8	ales@gmail.com	Login successful
418	2026-02-24 17:49:47.236997	INFO	LOGIN_OK	6	k	Login successful
419	2026-02-24 17:49:47.320799	WARN	SECURITY_BLOCK	6	k	Blocked bookings/payments due to repeated login failures (fails=3, window=60m)
420	2026-02-24 17:50:22.790419	INFO	LOGIN_OK	6	k	Login successful
421	2026-02-24 17:50:22.880801	WARN	SECURITY_BLOCK	6	k	Blocked bookings/payments due to repeated login failures (fails=3, window=60m)
422	2026-02-24 17:52:02.857725	WARN	LOGIN_FAIL	12	tjola@gmail.com	Wrong password
423	2026-02-24 17:52:12.64603	INFO	LOGIN_OK	12	tjola@gmail.com	Login successful
424	2026-02-24 17:52:18.227657	INFO	BOOK_OK	12	tjola@gmail.com	Booked seatId=3
425	2026-02-24 17:55:24.850064	INFO	BOOK_OK	12	tjola@gmail.com	Booked seatId=3
426	2026-02-24 18:11:21.334849	INFO	BOOK_EXPIRED_SEAT_3	12	\N	Seat expired seatId=3
427	2026-02-24 18:11:34.733881	INFO	BOOK_OK	12	tjola@gmail.com	Booked seatId=3
428	2026-02-24 18:22:04.143112	INFO	BOOK_EXPIRED_SEAT_3	12	\N	Seat expired seatId=3
429	2026-02-24 18:22:06.382476	INFO	BOOK_OK	12	tjola@gmail.com	Booked seatId=3
430	2026-02-24 18:29:47.333549	INFO	BOOK_EXPIRED_SEAT_3	12	\N	Seat expired seatId=3
431	2026-02-24 18:29:49.289182	WARN	BOOK_BLOCKED	12	tjola@gmail.com	Seat permanently blocked seatId=3
432	2026-02-24 18:30:20.000642	WARN	BOOK_BLOCKED	12	tjola@gmail.com	Seat permanently blocked seatId=3
433	2026-02-24 18:30:20.698182	WARN	BOOK_BLOCKED	12	tjola@gmail.com	Seat permanently blocked seatId=3
434	2026-02-24 18:30:22.590161	WARN	BOOK_BLOCKED	12	tjola@gmail.com	Seat permanently blocked seatId=3
435	2026-02-24 18:30:26.794956	INFO	BOOK_OK	12	tjola@gmail.com	Booked seatId=4
436	2026-02-24 18:30:50.676467	INFO	LOGIN_OK	8	ales@gmail.com	Login successful
437	2026-02-24 19:02:14.773683	INFO	LOGIN_OK	5	miska@gmail.com	Login successful
438	2026-02-24 19:12:39.910348	INFO	LOGIN_OK	12	tjola@gmail.com	Login successful
439	2026-02-24 19:20:23.486266	INFO	LOGIN_OK	8	ales@gmail.com	Login successful
440	2026-02-24 19:22:26.890666	INFO	LOGIN_OK	5	miska@gmail.com	Login successful
441	2026-02-24 19:22:43.715108	WARN	LOGIN_FAIL	\N	miska	User not found
442	2026-02-24 19:22:45.167099	WARN	LOGIN_FAIL	\N	miska	User not found
443	2026-02-24 19:22:45.929006	WARN	LOGIN_FAIL	\N	miska	User not found
444	2026-02-24 19:22:59.052939	WARN	LOGIN_FAIL	5	miska@gmail.com	Wrong password
445	2026-02-24 19:23:01.299417	WARN	LOGIN_FAIL	5	miska@gmail.com	Wrong password
446	2026-02-24 19:23:03.818943	WARN	LOGIN_FAIL	5	miska@gmail.com	Wrong password
447	2026-02-24 19:23:11.234068	INFO	LOGIN_OK	5	miska@gmail.com	Login successful
448	2026-02-24 19:23:11.316968	WARN	SECURITY_BLOCK	5	miska@gmail.com	Blocked bookings/payments due to repeated login failures (fails=3, window=60m)
449	2026-02-24 19:23:54.111178	WARN	LOGIN_FAIL	5	miska@gmail.com	Wrong password
450	2026-02-24 19:25:08.748884	INFO	LOGIN_OK	5	miska@gmail.com	Login successful
451	2026-02-24 19:25:08.829477	WARN	SECURITY_BLOCK	5	miska@gmail.com	Blocked bookings/payments due to repeated login failures (fails=4, window=60m)
452	2026-02-24 19:27:15.599883	INFO	LOGIN_OK	8	ales@gmail.com	Login successful
453	2026-02-24 19:35:38.608775	WARN	LOGIN_FAIL	5	miska@gmail.com	Wrong password
454	2026-02-24 19:35:39.146334	WARN	LOGIN_FAIL	5	miska@gmail.com	Wrong password
455	2026-02-24 19:35:40.009797	WARN	LOGIN_FAIL	5	miska@gmail.com	Wrong password
456	2026-02-24 19:35:48.874253	INFO	LOGIN_OK	5	miska@gmail.com	Login successful
457	2026-02-24 19:35:49.072549	WARN	SECURITY_BLOCK	5	miska@gmail.com	Blocked bookings/payments due to repeated login failures (fails=7, window=60m)
458	2026-02-24 19:38:47.997788	INFO	LOGIN_OK	5	miska@gmail.com	Login successful
459	2026-02-24 19:38:48.191474	WARN	SECURITY_BLOCK	5	miska@gmail.com	Blocked bookings/payments due to repeated login failures (fails=7, window=60m)
460	2026-02-24 19:40:02.070353	INFO	LOGIN_OK	5	miska@gmail.com	Login successful
461	2026-02-24 19:40:02.193073	WARN	SECURITY_BLOCK	5	miska@gmail.com	Blocked bookings/payments due to repeated login failures (fails=7, window=60m)
462	2026-02-24 19:50:22.585168	INFO	LOGIN_OK	5	miska@gmail.com	Login successful
463	2026-02-24 19:50:22.692093	WARN	SECURITY_BLOCK	5	miska@gmail.com	Blocked bookings/payments due to repeated login failures (fails=7, window=60m)
464	2026-02-24 19:53:37.442501	INFO	LOGIN_OK	12	tjola@gmail.com	Login successful
465	2026-02-24 19:53:48.934747	WARN	BOOK_BLOCKED	12	tjola@gmail.com	Seat permanently blocked seatId=3
466	2026-02-24 19:53:52.572404	INFO	BOOK_OK	12	tjola@gmail.com	Booked seatId=4
467	2026-02-24 20:01:30.094817	INFO	LOGIN_OK	8	ales@gmail.com	Login successful
468	2026-02-24 20:25:25.512027	INFO	LOGIN_OK	8	ales@gmail.com	Login successful
469	2026-02-25 01:40:05.139456	INFO	LOGIN_OK	8	ales@gmail.com	Login successful
470	2026-02-25 01:43:10.750399	INFO	LOGIN_OK	8	ales@gmail.com	Login successful
471	2026-02-25 01:48:05.325861	INFO	LOGIN_OK	8	ales@gmail.com	Login successful
\.


--
-- TOC entry 5000 (class 0 OID 16389)
-- Dependencies: 220
-- Data for Name: users; Type: TABLE DATA; Schema: public; Owner: postgres
--

COPY public.users (user_id, full_name, email, password_hash, role, created_at) FROM stdin;
1	Test User	test@gmail.com	bobi7	CUSTOMER	2026-02-08 15:35:40.250552
3	Bob Ndertuesi	bobi@ameil.com	$2a$12$pqLwAKLQ4IeU3eSlTR1Pl.LMwNR.EZcXebnDuE1HEbKfJzmNjO7Se	CUSTOMER	2026-02-08 23:07:01.053141
4	Geri Zizo	geri@gmail.com	$2a$12$55bYaKmlk9D.bGmcACb8n.80mQRt8kDZ1OizzQ8wZkndfJmm/Hpxi	CUSTOMER	2026-02-09 01:33:42.525223
5	Miska Gjeta	miska@gmail.com	$2a$12$Tw0Vb0HV5Q8h4XEDVzRLBuvoXZMeAvpRcNsvMexZUJ3TLfsWW.sVG	CUSTOMER	2026-02-09 13:03:17.399382
6	k	k	$2a$12$5MiEwgxqoqXhFDX6CCsubuPxoXg5ga2YarTW8wT54IB3gyvO2z8XC	CUSTOMER	2026-02-09 23:54:19.300868
8	Alesia Gjeta	ales@gmail.com	$2a$12$sdyS/Cg1ELhzaNXnP3a4NO4gOqWAqibFmlRnmOz8nwS0BV2qTK6d6	ADMIN	2026-02-10 01:45:02.225811
9	oki doki	ok	$2a$12$rv8oL9I5xb3VNbXBLA6Q5u42KA8vLGFavc.jTxJQHqD7c/VvbJ..C	CUSTOMER	2026-02-12 00:02:04.45084
10	Klevi Gjeta	klevi@gmail.com	$2a$12$uPtz9MthNFDHeINnW35PjusgrnB1sXMNgmnyU7Bv7Wxfe20X4YVY2	CUSTOMER	2026-02-13 15:52:52.94528
11	reks	reks@gmail.com	$2a$12$DkxF/bFXiWYlNrrPT1xNXOdmVmkbogkpcwSB/puQs3OiGN1NwrVGC	CUSTOMER	2026-02-24 03:59:11.269922
12	Tjola Zeneli	tjola@gmail.com	$2a$12$cphyB1W9PTXck4F3MBeXr.bpXRYp07puW5CbxVaXClMjCq96Dcw6q	CUSTOMER	2026-02-24 16:18:24.798819
\.


--
-- TOC entry 5002 (class 0 OID 16406)
-- Dependencies: 222
-- Data for Name: venues; Type: TABLE DATA; Schema: public; Owner: postgres
--

COPY public.venues (venue_id, name, city, address) FROM stdin;
1	Air Albania Stadium	Tirana	Sheshi Italia
\.


--
-- TOC entry 5027 (class 0 OID 0)
-- Dependencies: 228
-- Name: bookings_booking_id_seq; Type: SEQUENCE SET; Schema: public; Owner: postgres
--

SELECT pg_catalog.setval('public.bookings_booking_id_seq', 102, true);


--
-- TOC entry 5028 (class 0 OID 0)
-- Dependencies: 223
-- Name: events_event_id_seq; Type: SEQUENCE SET; Schema: public; Owner: postgres
--

SELECT pg_catalog.setval('public.events_event_id_seq', 27, true);


--
-- TOC entry 5029 (class 0 OID 0)
-- Dependencies: 233
-- Name: payments_payment_id_seq; Type: SEQUENCE SET; Schema: public; Owner: postgres
--

SELECT pg_catalog.setval('public.payments_payment_id_seq', 2, true);


--
-- TOC entry 5030 (class 0 OID 0)
-- Dependencies: 225
-- Name: seats_seat_id_seq; Type: SEQUENCE SET; Schema: public; Owner: postgres
--

SELECT pg_catalog.setval('public.seats_seat_id_seq', 81, true);


--
-- TOC entry 5031 (class 0 OID 0)
-- Dependencies: 231
-- Name: security_logs_log_id_seq; Type: SEQUENCE SET; Schema: public; Owner: postgres
--

SELECT pg_catalog.setval('public.security_logs_log_id_seq', 471, true);


--
-- TOC entry 5032 (class 0 OID 0)
-- Dependencies: 219
-- Name: users_user_id_seq; Type: SEQUENCE SET; Schema: public; Owner: postgres
--

SELECT pg_catalog.setval('public.users_user_id_seq', 12, true);


--
-- TOC entry 5033 (class 0 OID 0)
-- Dependencies: 221
-- Name: venues_venue_id_seq; Type: SEQUENCE SET; Schema: public; Owner: postgres
--

SELECT pg_catalog.setval('public.venues_venue_id_seq', 1, true);


--
-- TOC entry 4831 (class 2606 OID 16507)
-- Name: booking_items booking_items_pkey; Type: CONSTRAINT; Schema: public; Owner: postgres
--

ALTER TABLE ONLY public.booking_items
    ADD CONSTRAINT booking_items_pkey PRIMARY KEY (booking_id, seat_id);


--
-- TOC entry 4828 (class 2606 OID 16489)
-- Name: bookings bookings_pkey; Type: CONSTRAINT; Schema: public; Owner: postgres
--

ALTER TABLE ONLY public.bookings
    ADD CONSTRAINT bookings_pkey PRIMARY KEY (booking_id);


--
-- TOC entry 4823 (class 2606 OID 16465)
-- Name: event_seats event_seats_pkey; Type: CONSTRAINT; Schema: public; Owner: postgres
--

ALTER TABLE ONLY public.event_seats
    ADD CONSTRAINT event_seats_pkey PRIMARY KEY (event_id, seat_id);


--
-- TOC entry 4816 (class 2606 OID 16431)
-- Name: events events_pkey; Type: CONSTRAINT; Schema: public; Owner: postgres
--

ALTER TABLE ONLY public.events
    ADD CONSTRAINT events_pkey PRIMARY KEY (event_id);


--
-- TOC entry 4840 (class 2606 OID 16565)
-- Name: payments payments_pkey; Type: CONSTRAINT; Schema: public; Owner: postgres
--

ALTER TABLE ONLY public.payments
    ADD CONSTRAINT payments_pkey PRIMARY KEY (payment_id);


--
-- TOC entry 4819 (class 2606 OID 16448)
-- Name: seats seats_pkey; Type: CONSTRAINT; Schema: public; Owner: postgres
--

ALTER TABLE ONLY public.seats
    ADD CONSTRAINT seats_pkey PRIMARY KEY (seat_id);


--
-- TOC entry 4836 (class 2606 OID 16543)
-- Name: security_logs security_logs_pkey; Type: CONSTRAINT; Schema: public; Owner: postgres
--

ALTER TABLE ONLY public.security_logs
    ADD CONSTRAINT security_logs_pkey PRIMARY KEY (log_id);


--
-- TOC entry 4826 (class 2606 OID 16522)
-- Name: event_seats uq_event_seat; Type: CONSTRAINT; Schema: public; Owner: postgres
--

ALTER TABLE ONLY public.event_seats
    ADD CONSTRAINT uq_event_seat UNIQUE (event_id, seat_id);


--
-- TOC entry 4821 (class 2606 OID 16450)
-- Name: seats uq_seat; Type: CONSTRAINT; Schema: public; Owner: postgres
--

ALTER TABLE ONLY public.seats
    ADD CONSTRAINT uq_seat UNIQUE (venue_id, section, row_label, seat_no);


--
-- TOC entry 4810 (class 2606 OID 16404)
-- Name: users users_email_key; Type: CONSTRAINT; Schema: public; Owner: postgres
--

ALTER TABLE ONLY public.users
    ADD CONSTRAINT users_email_key UNIQUE (email);


--
-- TOC entry 4812 (class 2606 OID 16402)
-- Name: users users_pkey; Type: CONSTRAINT; Schema: public; Owner: postgres
--

ALTER TABLE ONLY public.users
    ADD CONSTRAINT users_pkey PRIMARY KEY (user_id);


--
-- TOC entry 4814 (class 2606 OID 16416)
-- Name: venues venues_pkey; Type: CONSTRAINT; Schema: public; Owner: postgres
--

ALTER TABLE ONLY public.venues
    ADD CONSTRAINT venues_pkey PRIMARY KEY (venue_id);


--
-- TOC entry 4829 (class 1259 OID 16520)
-- Name: idx_bookings_user_time; Type: INDEX; Schema: public; Owner: postgres
--

CREATE INDEX idx_bookings_user_time ON public.bookings USING btree (user_id, created_at DESC);


--
-- TOC entry 4824 (class 1259 OID 16519)
-- Name: idx_event_seats_state; Type: INDEX; Schema: public; Owner: postgres
--

CREATE INDEX idx_event_seats_state ON public.event_seats USING btree (event_id, state);


--
-- TOC entry 4817 (class 1259 OID 16518)
-- Name: idx_events_start_time; Type: INDEX; Schema: public; Owner: postgres
--

CREATE INDEX idx_events_start_time ON public.events USING btree (start_time);


--
-- TOC entry 4837 (class 1259 OID 16571)
-- Name: idx_payments_booking; Type: INDEX; Schema: public; Owner: postgres
--

CREATE INDEX idx_payments_booking ON public.payments USING btree (booking_id);


--
-- TOC entry 4838 (class 1259 OID 16572)
-- Name: idx_payments_status; Type: INDEX; Schema: public; Owner: postgres
--

CREATE INDEX idx_payments_status ON public.payments USING btree (status);


--
-- TOC entry 4832 (class 1259 OID 16550)
-- Name: idx_security_logs_action; Type: INDEX; Schema: public; Owner: postgres
--

CREATE INDEX idx_security_logs_action ON public.security_logs USING btree (action);


--
-- TOC entry 4833 (class 1259 OID 16549)
-- Name: idx_security_logs_created_at; Type: INDEX; Schema: public; Owner: postgres
--

CREATE INDEX idx_security_logs_created_at ON public.security_logs USING btree (created_at DESC);


--
-- TOC entry 4834 (class 1259 OID 16551)
-- Name: idx_security_logs_user; Type: INDEX; Schema: public; Owner: postgres
--

CREATE INDEX idx_security_logs_user ON public.security_logs USING btree (user_id);


--
-- TOC entry 4847 (class 2606 OID 16508)
-- Name: booking_items booking_items_booking_id_fkey; Type: FK CONSTRAINT; Schema: public; Owner: postgres
--

ALTER TABLE ONLY public.booking_items
    ADD CONSTRAINT booking_items_booking_id_fkey FOREIGN KEY (booking_id) REFERENCES public.bookings(booking_id);


--
-- TOC entry 4848 (class 2606 OID 16513)
-- Name: booking_items booking_items_seat_id_fkey; Type: FK CONSTRAINT; Schema: public; Owner: postgres
--

ALTER TABLE ONLY public.booking_items
    ADD CONSTRAINT booking_items_seat_id_fkey FOREIGN KEY (seat_id) REFERENCES public.seats(seat_id);


--
-- TOC entry 4845 (class 2606 OID 16495)
-- Name: bookings bookings_event_id_fkey; Type: FK CONSTRAINT; Schema: public; Owner: postgres
--

ALTER TABLE ONLY public.bookings
    ADD CONSTRAINT bookings_event_id_fkey FOREIGN KEY (event_id) REFERENCES public.events(event_id);


--
-- TOC entry 4846 (class 2606 OID 16490)
-- Name: bookings bookings_user_id_fkey; Type: FK CONSTRAINT; Schema: public; Owner: postgres
--

ALTER TABLE ONLY public.bookings
    ADD CONSTRAINT bookings_user_id_fkey FOREIGN KEY (user_id) REFERENCES public.users(user_id);


--
-- TOC entry 4843 (class 2606 OID 16466)
-- Name: event_seats event_seats_event_id_fkey; Type: FK CONSTRAINT; Schema: public; Owner: postgres
--

ALTER TABLE ONLY public.event_seats
    ADD CONSTRAINT event_seats_event_id_fkey FOREIGN KEY (event_id) REFERENCES public.events(event_id);


--
-- TOC entry 4844 (class 2606 OID 16471)
-- Name: event_seats event_seats_seat_id_fkey; Type: FK CONSTRAINT; Schema: public; Owner: postgres
--

ALTER TABLE ONLY public.event_seats
    ADD CONSTRAINT event_seats_seat_id_fkey FOREIGN KEY (seat_id) REFERENCES public.seats(seat_id);


--
-- TOC entry 4841 (class 2606 OID 16432)
-- Name: events events_venue_id_fkey; Type: FK CONSTRAINT; Schema: public; Owner: postgres
--

ALTER TABLE ONLY public.events
    ADD CONSTRAINT events_venue_id_fkey FOREIGN KEY (venue_id) REFERENCES public.venues(venue_id);


--
-- TOC entry 4849 (class 2606 OID 16524)
-- Name: booking_items fk_booking_items_event_seat; Type: FK CONSTRAINT; Schema: public; Owner: postgres
--

ALTER TABLE ONLY public.booking_items
    ADD CONSTRAINT fk_booking_items_event_seat FOREIGN KEY (event_id, seat_id) REFERENCES public.event_seats(event_id, seat_id);


--
-- TOC entry 4851 (class 2606 OID 16566)
-- Name: payments payments_booking_id_fkey; Type: FK CONSTRAINT; Schema: public; Owner: postgres
--

ALTER TABLE ONLY public.payments
    ADD CONSTRAINT payments_booking_id_fkey FOREIGN KEY (booking_id) REFERENCES public.bookings(booking_id);


--
-- TOC entry 4842 (class 2606 OID 16451)
-- Name: seats seats_venue_id_fkey; Type: FK CONSTRAINT; Schema: public; Owner: postgres
--

ALTER TABLE ONLY public.seats
    ADD CONSTRAINT seats_venue_id_fkey FOREIGN KEY (venue_id) REFERENCES public.venues(venue_id);


--
-- TOC entry 4850 (class 2606 OID 16544)
-- Name: security_logs security_logs_user_id_fkey; Type: FK CONSTRAINT; Schema: public; Owner: postgres
--

ALTER TABLE ONLY public.security_logs
    ADD CONSTRAINT security_logs_user_id_fkey FOREIGN KEY (user_id) REFERENCES public.users(user_id);


-- Completed on 2026-02-25 02:38:51

--
-- PostgreSQL database dump complete
--

\unrestrict ARDb2WhaOal9JVVn9fu6Wo0arz133jOyKvpujf8i3wmilI8Z4iWgDze7DVkEGCc

